-- MySQL dump 10.13  Distrib 8.0.33, for Win64 (x86_64)
--
-- Host: localhost    Database: medicalcomplexdb
-- ------------------------------------------------------
-- Server version	8.0.33

/*!40101 SET @OLD_CHARACTER_SET_CLIENT=@@CHARACTER_SET_CLIENT */;
/*!40101 SET @OLD_CHARACTER_SET_RESULTS=@@CHARACTER_SET_RESULTS */;
/*!40101 SET @OLD_COLLATION_CONNECTION=@@COLLATION_CONNECTION */;
/*!50503 SET NAMES utf8 */;
/*!40103 SET @OLD_TIME_ZONE=@@TIME_ZONE */;
/*!40103 SET TIME_ZONE='+00:00' */;
/*!40014 SET @OLD_UNIQUE_CHECKS=@@UNIQUE_CHECKS, UNIQUE_CHECKS=0 */;
/*!40014 SET @OLD_FOREIGN_KEY_CHECKS=@@FOREIGN_KEY_CHECKS, FOREIGN_KEY_CHECKS=0 */;
/*!40101 SET @OLD_SQL_MODE=@@SQL_MODE, SQL_MODE='NO_AUTO_VALUE_ON_ZERO' */;
/*!40111 SET @OLD_SQL_NOTES=@@SQL_NOTES, SQL_NOTES=0 */;

--
-- Table structure for table `deleted_patient_medicine`
--

DROP TABLE IF EXISTS `deleted_patient_medicine`;
/*!40101 SET @saved_cs_client     = @@character_set_client */;
/*!50503 SET character_set_client = utf8mb4 */;
CREATE TABLE `deleted_patient_medicine` (
  `id` bigint NOT NULL AUTO_INCREMENT,
  `price` double NOT NULL,
  `quantity` int NOT NULL,
  `medicineId` bigint NOT NULL,
  `treatmentDeletedId` bigint DEFAULT NULL,
  PRIMARY KEY (`id`),
  KEY `FK8rg2pn41221y0dkbmig10nhpi` (`medicineId`),
  KEY `FK2oqrg8y2nappkgfw1fsi09ghf` (`treatmentDeletedId`),
  CONSTRAINT `FK2oqrg8y2nappkgfw1fsi09ghf` FOREIGN KEY (`treatmentDeletedId`) REFERENCES `treatmens_deleted` (`id`),
  CONSTRAINT `FK8rg2pn41221y0dkbmig10nhpi` FOREIGN KEY (`medicineId`) REFERENCES `medicine` (`id`)
) ENGINE=InnoDB DEFAULT CHARSET=utf8mb4 COLLATE=utf8mb4_0900_ai_ci;
/*!40101 SET character_set_client = @saved_cs_client */;

--
-- Dumping data for table `deleted_patient_medicine`
--

LOCK TABLES `deleted_patient_medicine` WRITE;
/*!40000 ALTER TABLE `deleted_patient_medicine` DISABLE KEYS */;
/*!40000 ALTER TABLE `deleted_patient_medicine` ENABLE KEYS */;
UNLOCK TABLES;

--
-- Table structure for table `departments`
--

DROP TABLE IF EXISTS `departments`;
/*!40101 SET @saved_cs_client     = @@character_set_client */;
/*!50503 SET character_set_client = utf8mb4 */;
CREATE TABLE `departments` (
  `id` bigint NOT NULL AUTO_INCREMENT,
  `createdDate` datetime(6) DEFAULT NULL,
  `name` varchar(255) NOT NULL,
  `headId` bigint DEFAULT NULL,
  `secretaryId` bigint DEFAULT NULL,
  `isDeleted` bit(1) NOT NULL,
  PRIMARY KEY (`id`),
  KEY `FK1jrdm9kercgq2flsescfntnpu` (`headId`),
  KEY `FKcr8qxpu6ulpkxqyvxlbf2yhdc` (`secretaryId`),
  CONSTRAINT `FK1jrdm9kercgq2flsescfntnpu` FOREIGN KEY (`headId`) REFERENCES `users` (`id`),
  CONSTRAINT `FKcr8qxpu6ulpkxqyvxlbf2yhdc` FOREIGN KEY (`secretaryId`) REFERENCES `users` (`id`)
) ENGINE=InnoDB AUTO_INCREMENT=59 DEFAULT CHARSET=utf8mb4 COLLATE=utf8mb4_0900_ai_ci;
/*!40101 SET character_set_client = @saved_cs_client */;

--
-- Dumping data for table `departments`
--

LOCK TABLES `departments` WRITE;
/*!40000 ALTER TABLE `departments` DISABLE KEYS */;
INSERT INTO `departments` VALUES (1,'2024-07-25 16:52:11.853000','Departmrnt 1',1,2,_binary ''),(2,'2024-07-25 16:52:18.085000','Departmrnt 1',1,3,_binary ''),(3,'2024-07-25 16:52:24.146000','Departmrnt 1',2,3,_binary '\0'),(4,'2024-07-25 16:52:27.943000','Departmrnt 1',3,3,_binary '\0'),(5,'2024-07-26 02:47:14.788000','department 4',2,3,_binary '\0'),(6,'2024-07-26 03:35:38.718000','mohammad AbuThaher',1,1,_binary '\0'),(7,'2024-07-27 12:27:22.599000','Department Test',NULL,NULL,_binary ''),(8,'2024-07-27 12:27:33.265000','Department Test2',NULL,1,_binary ''),(9,'2024-07-27 12:59:20.072000','sdfsdfsd',1,1,_binary '\0'),(10,'2023-01-15 08:00:00.000000','Cardiology',1,2,_binary '\0'),(11,'2023-02-20 09:30:00.000000','Neurology',2,3,_binary '\0'),(12,'2023-03-25 10:45:00.000000','Oncology',3,4,_binary '\0'),(13,'2023-04-10 11:00:00.000000','Pediatrics',4,5,_binary '\0'),(14,'2023-05-18 12:30:00.000000','Orthopedics',5,6,_binary '\0'),(15,'2023-06-22 14:00:00.000000','Dermatology',6,7,_binary '\0'),(16,'2023-07-05 15:15:00.000000','Gynecology',7,1,_binary '\0'),(17,'2023-07-10 16:45:00.000000','Urology',1,3,_binary '\0'),(18,'2023-07-15 17:30:00.000000','Gastroenterology',2,4,_binary '\0'),(19,'2023-01-22 10:20:00.000000','Nephrology',3,5,_binary '\0'),(20,'2023-02-28 13:45:00.000000','Pulmonology',4,6,_binary '\0'),(21,'2023-03-19 11:30:00.000000','Rheumatology',5,7,_binary '\0'),(22,'2023-04-25 12:00:00.000000','Endocrinology',6,1,_binary '\0'),(23,'2023-05-30 14:30:00.000000','Hematology',7,2,_binary '\0'),(24,'2023-06-15 15:00:00.000000','Immunology',1,4,_binary '\0'),(25,'2023-07-18 09:00:00.000000','Pathology',2,5,_binary '\0'),(26,'2023-01-10 13:10:00.000000','Ophthalmology',3,6,_binary '\0'),(27,'2023-02-15 08:40:00.000000','Otolaryngology',4,7,_binary '\0'),(28,'2023-03-10 10:10:00.000000','Allergy and Immunology',5,1,_binary '\0'),(29,'2023-04-15 09:30:00.000000','Infectious Disease',6,2,_binary '\0'),(30,'2023-05-20 16:30:00.000000','General Surgery',7,3,_binary '\0'),(31,'2023-06-25 11:50:00.000000','Plastic Surgery',1,5,_binary '\0'),(32,'2023-07-20 08:20:00.000000','Thoracic Surgery',2,6,_binary '\0'),(33,'2023-01-30 14:40:00.000000','Vascular Surgery',3,7,_binary '\0'),(34,'2023-02-25 15:50:00.000000','Neurosurgery',4,1,_binary '\0'),(35,'2023-03-30 13:00:00.000000','Pediatric Surgery',5,2,_binary '\0'),(36,'2023-04-20 09:20:00.000000','Anesthesiology',6,3,_binary '\0'),(37,'2023-05-25 16:00:00.000000','Critical Care Medicine',7,4,_binary '\0'),(38,'2023-06-30 10:50:00.000000','Emergency Medicine',1,6,_binary '\0'),(39,'2023-07-25 14:10:00.000000','Geriatric Medicine',2,7,_binary '\0'),(40,'2023-01-25 08:50:00.000000','Hospital Medicine',3,1,_binary '\0'),(41,'2023-02-20 11:15:00.000000','Sports Medicine',4,2,_binary '\0'),(42,'2023-03-15 12:45:00.000000','Occupational Medicine',5,3,_binary '\0'),(43,'2023-04-30 16:20:00.000000','Preventive Medicine',6,4,_binary '\0'),(44,'2023-05-15 09:45:00.000000','Radiology',7,5,_binary '\0'),(45,'2023-06-20 10:30:00.000000','Nuclear Medicine',1,7,_binary '\0'),(46,'2023-07-05 13:20:00.000000','Physical Medicine and Rehabilitation',2,1,_binary '\0'),(47,'2023-01-12 09:05:00.000000','Pain Medicine',3,2,_binary '\0'),(48,'2023-02-17 14:50:00.000000','Palliative Care',4,3,_binary '\0'),(49,'2023-03-23 15:30:00.000000','Sleep Medicine',5,4,_binary '\0'),(50,'2023-04-29 16:45:00.000000','Medical Genetics',6,5,_binary '\0'),(51,'2023-05-11 10:15:00.000000','Clinical Pharmacology',7,6,_binary '\0'),(52,'2023-06-14 13:05:00.000000','Adolescent Medicine',1,7,_binary '\0'),(53,'2023-07-07 15:25:00.000000','Neonatal-Perinatal Medicine',2,1,_binary '\0'),(54,'2023-01-09 14:55:00.000000','Genetics',3,2,_binary '\0'),(55,'2023-02-21 12:20:00.000000','Gastrointestinal Surgery',4,3,_binary '\0'),(56,'2023-03-11 08:35:00.000000','Microbiology',5,4,_binary '\0'),(57,'2023-04-06 10:05:00.000000','Public Health',6,5,_binary '\0'),(58,'2023-05-16 11:50:00.000000','Occupational Therapy',7,6,_binary '\0');
/*!40000 ALTER TABLE `departments` ENABLE KEYS */;
UNLOCK TABLES;

--
-- Table structure for table `doctors`
--

DROP TABLE IF EXISTS `doctors`;
/*!40101 SET @saved_cs_client     = @@character_set_client */;
/*!50503 SET character_set_client = utf8mb4 */;
CREATE TABLE `doctors` (
  `id` bigint NOT NULL AUTO_INCREMENT,
  `beginTime` time(6) NOT NULL,
  `endTime` time(6) NOT NULL,
  `specialization` enum('CARDIOLOGIST','DERMATOLOGIST','NEUROLOGIST','ORTHOPEDIST','PEDIATRICIAN','PSYCHIATRIST','SURGEON') NOT NULL,
  `userId` bigint DEFAULT NULL,
  PRIMARY KEY (`id`),
  UNIQUE KEY `UKe6x00khiy7dsx1wpb16710k56` (`userId`),
  CONSTRAINT `FK4y20awggxgbm502fbnn3qxuql` FOREIGN KEY (`userId`) REFERENCES `users` (`id`)
) ENGINE=InnoDB AUTO_INCREMENT=38 DEFAULT CHARSET=utf8mb4 COLLATE=utf8mb4_0900_ai_ci;
/*!40101 SET character_set_client = @saved_cs_client */;

--
-- Dumping data for table `doctors`
--

LOCK TABLES `doctors` WRITE;
/*!40000 ALTER TABLE `doctors` DISABLE KEYS */;
INSERT INTO `doctors` VALUES (1,'09:00:00.000000','17:00:00.000000','PEDIATRICIAN',4),(2,'22:00:00.000000','23:00:00.000000','NEUROLOGIST',41),(3,'08:00:00.000000','16:00:00.000000','CARDIOLOGIST',42),(4,'09:00:00.000000','17:00:00.000000','DERMATOLOGIST',43),(5,'10:00:00.000000','18:00:00.000000','ORTHOPEDIST',44),(6,'11:00:00.000000','19:00:00.000000','PEDIATRICIAN',45),(7,'12:00:00.000000','20:00:00.000000','PSYCHIATRIST',46),(8,'13:00:00.000000','21:00:00.000000','SURGEON',47),(9,'14:00:00.000000','22:00:00.000000','NEUROLOGIST',48),(10,'15:00:00.000000','23:00:00.000000','CARDIOLOGIST',49),(11,'16:00:00.000000','00:00:00.000000','DERMATOLOGIST',50),(12,'17:00:00.000000','01:00:00.000000','ORTHOPEDIST',51),(13,'18:00:00.000000','02:00:00.000000','PEDIATRICIAN',52),(14,'19:00:00.000000','03:00:00.000000','PSYCHIATRIST',53),(15,'20:00:00.000000','04:00:00.000000','SURGEON',54),(16,'21:00:00.000000','05:00:00.000000','NEUROLOGIST',55),(17,'22:00:00.000000','06:00:00.000000','CARDIOLOGIST',56),(18,'23:00:00.000000','07:00:00.000000','DERMATOLOGIST',57),(19,'00:00:00.000000','08:00:00.000000','ORTHOPEDIST',58),(20,'01:00:00.000000','09:00:00.000000','PEDIATRICIAN',59),(21,'02:00:00.000000','10:00:00.000000','PSYCHIATRIST',60),(22,'03:00:00.000000','11:00:00.000000','SURGEON',61),(23,'04:00:00.000000','12:00:00.000000','NEUROLOGIST',62),(24,'05:00:00.000000','13:00:00.000000','CARDIOLOGIST',63),(25,'06:00:00.000000','14:00:00.000000','DERMATOLOGIST',64),(26,'07:00:00.000000','15:00:00.000000','ORTHOPEDIST',65),(27,'08:00:00.000000','16:00:00.000000','PEDIATRICIAN',66),(28,'09:00:00.000000','17:00:00.000000','PSYCHIATRIST',67),(29,'10:00:00.000000','18:00:00.000000','SURGEON',68),(30,'11:00:00.000000','19:00:00.000000','NEUROLOGIST',69),(31,'12:00:00.000000','20:00:00.000000','CARDIOLOGIST',70),(32,'13:00:00.000000','21:00:00.000000','DERMATOLOGIST',71),(33,'14:00:00.000000','22:00:00.000000','ORTHOPEDIST',72),(34,'15:00:00.000000','23:00:00.000000','PEDIATRICIAN',73),(35,'16:00:00.000000','00:00:00.000000','PSYCHIATRIST',74),(36,'17:00:00.000000','01:00:00.000000','SURGEON',75),(37,'18:00:00.000000','02:00:00.000000','NEUROLOGIST',76);
/*!40000 ALTER TABLE `doctors` ENABLE KEYS */;
UNLOCK TABLES;

--
-- Table structure for table `emails`
--

DROP TABLE IF EXISTS `emails`;
/*!40101 SET @saved_cs_client     = @@character_set_client */;
/*!50503 SET character_set_client = utf8mb4 */;
CREATE TABLE `emails` (
  `id` bigint NOT NULL AUTO_INCREMENT,
  `email` varchar(255) NOT NULL,
  `verificationCode` varchar(255) NOT NULL,
  `verified` bit(1) NOT NULL,
  PRIMARY KEY (`id`)
) ENGINE=InnoDB AUTO_INCREMENT=15 DEFAULT CHARSET=utf8mb4 COLLATE=utf8mb4_0900_ai_ci;
/*!40101 SET character_set_client = @saved_cs_client */;

--
-- Dumping data for table `emails`
--

LOCK TABLES `emails` WRITE;
/*!40000 ALTER TABLE `emails` DISABLE KEYS */;
INSERT INTO `emails` VALUES (12,'mohammadabuthaher06@gmail.com','moha',_binary ''),(14,'mohammadabuthaher06@gmail.com','370e0298-b974-4304-8aa1-89590d6a62d4',_binary '\0');
/*!40000 ALTER TABLE `emails` ENABLE KEYS */;
UNLOCK TABLES;

--
-- Table structure for table `imagedata`
--

DROP TABLE IF EXISTS `imagedata`;
/*!40101 SET @saved_cs_client     = @@character_set_client */;
/*!50503 SET character_set_client = utf8mb4 */;
CREATE TABLE `imagedata` (
  `id` bigint NOT NULL AUTO_INCREMENT,
  `filePath` varchar(255) DEFAULT NULL,
  `name` varchar(255) DEFAULT NULL,
  `type` varchar(255) DEFAULT NULL,
  PRIMARY KEY (`id`)
) ENGINE=InnoDB AUTO_INCREMENT=93 DEFAULT CHARSET=utf8mb4 COLLATE=utf8mb4_0900_ai_ci;
/*!40101 SET character_set_client = @saved_cs_client */;

--
-- Dumping data for table `imagedata`
--

LOCK TABLES `imagedata` WRITE;
/*!40000 ALTER TABLE `imagedata` DISABLE KEYS */;
INSERT INTO `imagedata` VALUES (1,'C:\\Users\\AbuThaher\\Desktop\\Traning Project\\ProjectTraninng\\src\\main\\resources\\Images\\test.jpg','test.jpg','image/jpeg'),(2,'C:\\Users\\AbuThaher\\Desktop\\Traning Project\\ProjectTraninng\\src\\main\\resources\\Images\\test2.png','test2.png','image/png'),(3,'C:\\Users\\AbuThaher\\Desktop\\Traning Project\\ProjectTraninng\\src\\main\\resources\\Images\\450086464_482714747671107_8481518721106677578_n.jpg','450086464_482714747671107_8481518721106677578_n.jpg','image/jpeg'),(4,'C:\\Users\\AbuThaher\\Desktop\\Traning Project\\ProjectTraninng\\src\\main\\resources\\Excels\\PationData.xls','PationData.xls','application/vnd.ms-excel'),(5,'C:\\Users\\AbuThaher\\Desktop\\Traning Project\\ProjectTraninng\\src\\main\\resources\\Excels\\MedicineData.xls','MedicineData.xls','application/vnd.ms-excel'),(6,'C:\\Users\\AbuThaher\\Desktop\\Traning Project\\ProjectTraninng\\src\\main\\resources\\Excels\\MedicineData.xls','MedicineData.xls','application/vnd.ms-excel'),(7,'C:\\Users\\AbuThaher\\Desktop\\Traning Project\\ProjectTraninng\\src\\main\\resources\\Excels\\PatientTreatmentData.xls','PatientTreatmentData.xls','application/vnd.ms-excel'),(8,'C:\\Users\\AbuThaher\\Desktop\\Traning Project\\ProjectTraninng\\src\\main\\resources\\Excels\\PatientTreatmentData.xls','PatientTreatmentData.xls','application/vnd.ms-excel'),(9,'C:\\Users\\AbuThaher\\Desktop\\Traning Project\\ProjectTraninng\\src\\main\\resources\\Excels\\PatientTreatmentData1722243255138.xls','PatientTreatmentData1722243256788.xls','application/vnd.ms-excel'),(10,'C:\\Users\\AbuThaher\\Desktop\\Traning Project\\ProjectTraninng\\src\\main\\resources\\Excels\\PatientTreatmentData1722248661986.xls','PatientTreatmentData1722248663242.xls','application/vnd.ms-excel'),(11,'C:\\Users\\AbuThaher\\Desktop\\Traning Project\\ProjectTraninng\\src\\main\\resources\\Excels\\PatientTreatmentData1722249168179.xls','PatientTreatmentData1722249169220.xls','application/vnd.ms-excel'),(12,'C:\\Users\\AbuThaher\\Desktop\\Traning Project\\ProjectTraninng\\src\\main\\resources\\Excels\\PatientTreatmentData1722249808388.xls','PatientTreatmentData1722249809477.xls','application/vnd.ms-excel'),(13,'C:\\Users\\AbuThaher\\Desktop\\Traning Project\\ProjectTraninng\\src\\main\\resources\\Excels\\PatientTreatmentData1722250001349.xls','PatientTreatmentData1722250002483.xls','application/vnd.ms-excel'),(14,'C:\\Users\\AbuThaher\\Desktop\\Traning Project\\ProjectTraninng\\src\\main\\resources\\Excels\\PatientTreatmentData1722250238298.xls','PatientTreatmentData1722250239465.xls','application/vnd.ms-excel'),(15,'C:\\Users\\AbuThaher\\Desktop\\Traning Project\\ProjectTraninng\\src\\main\\resources\\Excels\\PatientTreatmentData1722250739370.xls','PatientTreatmentData1722250740481.xls','application/vnd.ms-excel'),(16,'C:\\Users\\AbuThaher\\Desktop\\Traning Project\\ProjectTraninng\\src\\main\\resources\\Excels\\PatientTreatmentData1722250829908.xls','PatientTreatmentData1722250831031.xls','application/vnd.ms-excel'),(17,'C:\\Users\\AbuThaher\\Desktop\\Traning Project\\ProjectTraninng\\src\\main\\resources\\Excels\\PatientTreatmentData1722251028094.xls','PatientTreatmentData1722251029191.xls','application/vnd.ms-excel'),(18,'C:\\Users\\AbuThaher\\Desktop\\Traning Project\\ProjectTraninng\\src\\main\\resources\\Excels\\PatientTreatmentData1722251162623.xls','PatientTreatmentData1722251163717.xls','application/vnd.ms-excel'),(19,'C:\\Users\\AbuThaher\\Desktop\\Traning Project\\ProjectTraninng\\src\\main\\resources\\Excels\\PatientTreatmentData1722252989500.xls','PatientTreatmentData1722252990573.xls','application/vnd.ms-excel'),(20,'C:\\Users\\AbuThaher\\Desktop\\Traning Project\\ProjectTraninng\\src\\main\\resources\\Excels\\PatientTreatmentData1722253128879.xls','PatientTreatmentData1722253130039.xls','application/vnd.ms-excel'),(21,'C:\\Users\\AbuThaher\\Desktop\\Traning Project\\ProjectTraninng\\src\\main\\resources\\Excels\\PatientTreatmentData1722253986120.xlsx','PatientTreatmentData1722253987105.xlsx','application/vnd.ms-excel'),(22,'C:\\Users\\AbuThaher\\Desktop\\Traning Project\\ProjectTraninng\\src\\main\\resources\\Excels\\PatientTreatmentData1722254109269.xltx','PatientTreatmentData1722254110467.xltx','application/vnd.ms-excel'),(23,'C:\\Users\\AbuThaher\\Desktop\\Traning Project\\ProjectTraninng\\src\\main\\resources\\Excels\\PatientTreatmentData1722254287889.xls','PatientTreatmentData1722254289096.xls','application/vnd.ms-excel'),(24,'C:\\Users\\AbuThaher\\Desktop\\Traning Project\\ProjectTraninng\\src\\main\\resources\\Excels\\PatientTreatmentData1722254739032.xls','PatientTreatmentData1722254740004.xls','application/vnd.ms-excel'),(25,'C:\\Users\\AbuThaher\\Desktop\\Traning Project\\ProjectTraninng\\src\\main\\resources\\Excels\\PatientTreatmentData1722255559451.xls','PatientTreatmentData1722255560562.xls','application/vnd.ms-excel'),(26,'C:\\Users\\AbuThaher\\Desktop\\Traning Project\\ProjectTraninng\\src\\main\\resources\\Excels\\PatientTreatmentData1722256511229.xls','PatientTreatmentData1722256512246.xls','application/vnd.ms-excel'),(27,'C:\\Users\\AbuThaher\\Desktop\\Traning Project\\ProjectTraninng\\src\\main\\resources\\Excels\\PatientTreatmentData1722256815092.xls','PatientTreatmentData1722256816276.xls','application/vnd.ms-excel'),(28,'C:\\Users\\AbuThaher\\Desktop\\Traning Project\\ProjectTraninng\\src\\main\\resources\\Excels\\PatientTreatmentData1722256936159.xls','PatientTreatmentData1722256937259.xls','application/vnd.ms-excel'),(29,'C:\\Users\\AbuThaher\\Desktop\\Traning Project\\ProjectTraninng\\src\\main\\resources\\Chart\\chart1722509898568.png','chart1722509898568.png','image/png'),(30,'C:\\Users\\AbuThaher\\Desktop\\Traning Project\\ProjectTraninng\\src\\main\\resources\\PDF\\SalaryPaymentsReport1722509898568.pdf','SalaryPaymentsReport1722509898568.pdf','application/pdf'),(31,'C:\\Users\\AbuThaher\\Desktop\\Traning Project\\ProjectTraninng\\src\\main\\resources\\Chart\\chart1722510072366.png','chart1722510072366.png','image/png'),(32,'C:\\Users\\AbuThaher\\Desktop\\Traning Project\\ProjectTraninng\\src\\main\\resources\\PDF\\SalaryPaymentsReport1722510072366.pdf','SalaryPaymentsReport1722510072366.pdf','application/pdf'),(33,'C:\\Users\\AbuThaher\\Desktop\\Traning Project\\ProjectTraninng\\src\\main\\resources\\Chart\\chart1722510339609.png','chart1722510339609.png','image/png'),(34,'C:\\Users\\AbuThaher\\Desktop\\Traning Project\\ProjectTraninng\\src\\main\\resources\\PDF\\SalaryPaymentsReport1722510339609.pdf','SalaryPaymentsReport1722510339609.pdf','application/pdf'),(35,'C:\\Users\\AbuThaher\\Desktop\\Traning Project\\ProjectTraninng\\src\\main\\resources\\Chart\\chart1722511182805.png','chart1722511182805.png','image/png'),(36,'C:\\Users\\AbuThaher\\Desktop\\Traning Project\\ProjectTraninng\\src\\main\\resources\\PDF\\SalaryPaymentsReport1722511182805.pdf','SalaryPaymentsReport1722511182805.pdf','application/pdf'),(37,'C:\\Users\\AbuThaher\\Desktop\\Traning Project\\ProjectTraninng\\src\\main\\resources\\Chart\\chart1722511324904.png','chart1722511324904.png','image/png'),(38,'C:\\Users\\AbuThaher\\Desktop\\Traning Project\\ProjectTraninng\\src\\main\\resources\\PDF\\SalaryPaymentsReport1722511324904.pdf','SalaryPaymentsReport1722511324904.pdf','application/pdf'),(39,'C:\\Users\\AbuThaher\\Desktop\\Traning Project\\ProjectTraninng\\src\\main\\resources\\Chart\\chart1722511427330.png','chart1722511427330.png','image/png'),(40,'C:\\Users\\AbuThaher\\Desktop\\Traning Project\\ProjectTraninng\\src\\main\\resources\\PDF\\SalaryPaymentsReport1722511427330.pdf','SalaryPaymentsReport1722511427330.pdf','application/pdf'),(41,'C:\\Users\\AbuThaher\\Desktop\\Traning Project\\ProjectTraninng\\src\\main\\resources\\Chart\\chart1722511628484.png','chart1722511628484.png','image/png'),(42,'C:\\Users\\AbuThaher\\Desktop\\Traning Project\\ProjectTraninng\\src\\main\\resources\\PDF\\SalaryPaymentsReport1722511628484.pdf','SalaryPaymentsReport1722511628484.pdf','application/pdf'),(43,'C:\\Users\\AbuThaher\\Desktop\\Traning Project\\ProjectTraninng\\src\\main\\resources\\Chart\\chart1722512045881.png','chart1722512045881.png','image/png'),(44,'C:\\Users\\AbuThaher\\Desktop\\Traning Project\\ProjectTraninng\\src\\main\\resources\\PDF\\SalaryPaymentsReport1722512045881.pdf','SalaryPaymentsReport1722512045881.pdf','application/pdf'),(45,'C:\\Users\\AbuThaher\\Desktop\\Traning Project\\ProjectTraninng\\src\\main\\resources\\Chart\\chart1722512137640.png','chart1722512137640.png','image/png'),(46,'C:\\Users\\AbuThaher\\Desktop\\Traning Project\\ProjectTraninng\\src\\main\\resources\\PDF\\SalaryPaymentsReport1722512137640.pdf','SalaryPaymentsReport1722512137640.pdf','application/pdf'),(47,'C:\\Users\\AbuThaher\\Desktop\\Traning Project\\ProjectTraninng\\src\\main\\resources\\Chart\\chart1722512329704.png','chart1722512329704.png','image/png'),(48,'C:\\Users\\AbuThaher\\Desktop\\Traning Project\\ProjectTraninng\\src\\main\\resources\\PDF\\SalaryPaymentsReport1722512329704.pdf','SalaryPaymentsReport1722512329704.pdf','application/pdf'),(49,'C:\\Users\\AbuThaher\\Desktop\\Traning Project\\ProjectTraninng\\src\\main\\resources\\Chart\\chart1722512400846.png','chart1722512400846.png','image/png'),(50,'C:\\Users\\AbuThaher\\Desktop\\Traning Project\\ProjectTraninng\\src\\main\\resources\\PDF\\SalaryPaymentsReport1722512400846.pdf','SalaryPaymentsReport1722512400846.pdf','application/pdf'),(51,'C:\\Users\\AbuThaher\\Desktop\\Traning Project\\ProjectTraninng\\src\\main\\resources\\Chart\\chart1722512993352.png','chart1722512993352.png','image/png'),(52,'C:\\Users\\AbuThaher\\Desktop\\Traning Project\\ProjectTraninng\\src\\main\\resources\\PDF\\SalaryPaymentsReport1722512993352.pdf','SalaryPaymentsReport1722512993352.pdf','application/pdf'),(53,'C:\\Users\\AbuThaher\\Desktop\\Traning Project\\ProjectTraninng\\src\\main\\resources\\Chart\\chart1722513184589.png','chart1722513184589.png','image/png'),(54,'C:\\Users\\AbuThaher\\Desktop\\Traning Project\\ProjectTraninng\\src\\main\\resources\\PDF\\SalaryPaymentsReport1722513184589.pdf','SalaryPaymentsReport1722513184589.pdf','application/pdf'),(55,'C:\\Users\\AbuThaher\\Desktop\\Traning Project\\ProjectTraninng\\src\\main\\resources\\Chart\\chart1722513452690.png','chart1722513452690.png','image/png'),(56,'C:\\Users\\AbuThaher\\Desktop\\Traning Project\\ProjectTraninng\\src\\main\\resources\\PDF\\SalaryPaymentsReport1722513452690.pdf','SalaryPaymentsReport1722513452690.pdf','application/pdf'),(57,'C:\\Users\\AbuThaher\\Desktop\\Traning Project\\ProjectTraninng\\src\\main\\resources\\Chart\\chart1722513973991.png','chart1722513973991.png','image/png'),(58,'C:\\Users\\AbuThaher\\Desktop\\Traning Project\\ProjectTraninng\\src\\main\\resources\\PDF\\SalaryPaymentsReport1722513973991.pdf','SalaryPaymentsReport1722513973991.pdf','application/pdf'),(59,'C:\\Users\\AbuThaher\\Desktop\\Traning Project\\ProjectTraninng\\src\\main\\resources\\Chart\\chart1722514338163.png','chart1722514338163.png','image/png'),(60,'C:\\Users\\AbuThaher\\Desktop\\Traning Project\\ProjectTraninng\\src\\main\\resources\\PDF\\SalaryPaymentsReport1722514338163.pdf','SalaryPaymentsReport1722514338163.pdf','application/pdf'),(61,'C:\\Users\\AbuThaher\\Desktop\\Traning Project\\ProjectTraninng\\src\\main\\resources\\Chart\\chart1722514549692.png','chart1722514549692.png','image/png'),(62,'C:\\Users\\AbuThaher\\Desktop\\Traning Project\\ProjectTraninng\\src\\main\\resources\\PDF\\SalaryPaymentsReport1722514549692.pdf','SalaryPaymentsReport1722514549692.pdf','application/pdf'),(63,'C:\\Users\\AbuThaher\\Desktop\\Traning Project\\ProjectTraninng\\src\\main\\resources\\Chart\\chart1722514685290.png','chart1722514685290.png','image/png'),(64,'C:\\Users\\AbuThaher\\Desktop\\Traning Project\\ProjectTraninng\\src\\main\\resources\\PDF\\SalaryPaymentsReport1722514685290.pdf','SalaryPaymentsReport1722514685290.pdf','application/pdf'),(65,'C:\\Users\\AbuThaher\\Desktop\\Traning Project\\ProjectTraninng\\src\\main\\resources\\Chart\\chart1722514843629.png','chart1722514843629.png','image/png'),(66,'C:\\Users\\AbuThaher\\Desktop\\Traning Project\\ProjectTraninng\\src\\main\\resources\\PDF\\SalaryPaymentsReport1722514843629.pdf','SalaryPaymentsReport1722514843629.pdf','application/pdf'),(67,'C:\\Users\\AbuThaher\\Desktop\\Traning Project\\ProjectTraninng\\src\\main\\resources\\Chart\\chart1722515512314.png','chart1722515512314.png','image/png'),(68,'C:\\Users\\AbuThaher\\Desktop\\Traning Project\\ProjectTraninng\\src\\main\\resources\\PDF\\SalaryPaymentsReport1722515512314.pdf','SalaryPaymentsReport1722515512314.pdf','application/pdf'),(69,'C:\\Users\\AbuThaher\\Desktop\\Traning Project\\ProjectTraninng\\src\\main\\resources\\Chart\\chart1722515607752.png','chart1722515607752.png','image/png'),(70,'C:\\Users\\AbuThaher\\Desktop\\Traning Project\\ProjectTraninng\\src\\main\\resources\\PDF\\SalaryPaymentsReport1722515607752.pdf','SalaryPaymentsReport1722515607752.pdf','application/pdf'),(71,'C:\\Users\\AbuThaher\\Desktop\\Traning Project\\ProjectTraninng\\src\\main\\resources\\Chart\\chart1722515690170.png','chart1722515690170.png','image/png'),(72,'C:\\Users\\AbuThaher\\Desktop\\Traning Project\\ProjectTraninng\\src\\main\\resources\\PDF\\SalaryPaymentsReport1722515690170.pdf','SalaryPaymentsReport1722515690170.pdf','application/pdf'),(73,'C:\\Users\\AbuThaher\\Desktop\\Traning Project\\ProjectTraninng\\src\\main\\resources\\Chart\\chart1722515785084.png','chart1722515785084.png','image/png'),(74,'C:\\Users\\AbuThaher\\Desktop\\Traning Project\\ProjectTraninng\\src\\main\\resources\\PDF\\SalaryPaymentsReport1722515785084.pdf','SalaryPaymentsReport1722515785084.pdf','application/pdf'),(75,'C:\\Users\\AbuThaher\\Desktop\\Traning Project\\ProjectTraninng\\src\\main\\resources\\Chart\\chart1722515918998.png','chart1722515918998.png','image/png'),(76,'C:\\Users\\AbuThaher\\Desktop\\Traning Project\\ProjectTraninng\\src\\main\\resources\\PDF\\SalaryPaymentsReport1722515918998.pdf','SalaryPaymentsReport1722515918998.pdf','application/pdf'),(77,'C:\\Users\\AbuThaher\\Desktop\\Traning Project\\ProjectTraninng\\src\\main\\resources\\Chart\\chart1722516849035.png','chart1722516849035.png','image/png'),(78,'C:\\Users\\AbuThaher\\Desktop\\Traning Project\\ProjectTraninng\\src\\main\\resources\\PDF\\SalaryPaymentsReport1722516849035.pdf','SalaryPaymentsReport1722516849035.pdf','application/pdf'),(79,'C:\\Users\\AbuThaher\\Desktop\\Traning Project\\ProjectTraninng\\src\\main\\resources\\Chart\\chart1722517184599.png','chart1722517184599.png','image/png'),(80,'C:\\Users\\AbuThaher\\Desktop\\Traning Project\\ProjectTraninng\\src\\main\\resources\\PDF\\SalaryPaymentsReport1722517184599.pdf','SalaryPaymentsReport1722517184599.pdf','application/pdf'),(81,'C:\\Users\\AbuThaher\\Desktop\\Traning Project\\ProjectTraninng\\src\\main\\resources\\Chart\\chart1722517270475.png','chart1722517270475.png','image/png'),(82,'C:\\Users\\AbuThaher\\Desktop\\Traning Project\\ProjectTraninng\\src\\main\\resources\\PDF\\SalaryPaymentsReport1722517270475.pdf','SalaryPaymentsReport1722517270475.pdf','application/pdf'),(83,'C:\\Users\\AbuThaher\\Desktop\\Traning Project\\ProjectTraninng\\src\\main\\resources\\Chart\\chart1722517816125.png','chart1722517816125.png','image/png'),(84,'C:\\Users\\AbuThaher\\Desktop\\Traning Project\\ProjectTraninng\\src\\main\\resources\\PDF\\SalaryPaymentsReport1722517816125.pdf','SalaryPaymentsReport1722517816125.pdf','application/pdf'),(85,'C:\\Users\\AbuThaher\\Desktop\\Traning Project\\ProjectTraninng\\src\\main\\resources\\Chart\\chart1722518158120.png','chart1722518158120.png','image/png'),(86,'C:\\Users\\AbuThaher\\Desktop\\Traning Project\\ProjectTraninng\\src\\main\\resources\\PDF\\SalaryPaymentsReport1722518158120.pdf','SalaryPaymentsReport1722518158120.pdf','application/pdf'),(87,'C:\\Users\\AbuThaher\\Desktop\\Traning Project\\ProjectTraninng\\src\\main\\resources\\Chart\\chart1722518254303.png','chart1722518254303.png','image/png'),(88,'C:\\Users\\AbuThaher\\Desktop\\Traning Project\\ProjectTraninng\\src\\main\\resources\\PDF\\SalaryPaymentsReport1722518254303.pdf','SalaryPaymentsReport1722518254303.pdf','application/pdf'),(89,'C:\\Users\\AbuThaher\\Desktop\\Traning Project\\ProjectTraninng\\src\\main\\resources\\Chart\\chart1722518811617.png','chart1722518811617.png','image/png'),(90,'C:\\Users\\AbuThaher\\Desktop\\Traning Project\\ProjectTraninng\\src\\main\\resources\\PDF\\SalaryPaymentsReport1722518811617.pdf','SalaryPaymentsReport1722518811617.pdf','application/pdf'),(91,'C:\\Users\\AbuThaher\\Desktop\\Traning Project\\ProjectTraninng\\src\\main\\resources\\Chart\\chart1722518882386.png','chart1722518882386.png','image/png'),(92,'C:\\Users\\AbuThaher\\Desktop\\Traning Project\\ProjectTraninng\\src\\main\\resources\\PDF\\SalaryPaymentsReport1722518882386.pdf','SalaryPaymentsReport1722518882386.pdf','application/pdf');
/*!40000 ALTER TABLE `imagedata` ENABLE KEYS */;
UNLOCK TABLES;

--
-- Table structure for table `medicine`
--

DROP TABLE IF EXISTS `medicine`;
/*!40101 SET @saved_cs_client     = @@character_set_client */;
/*!50503 SET character_set_client = utf8mb4 */;
CREATE TABLE `medicine` (
  `id` bigint NOT NULL AUTO_INCREMENT,
  `buyPrice` double NOT NULL,
  `createdDate` datetime(6) DEFAULT NULL,
  `expirationDate` datetime(6) NOT NULL,
  `name` varchar(255) NOT NULL,
  `purchasePrice` double NOT NULL,
  `isDeleted` bit(1) NOT NULL,
  `supplierId` bigint NOT NULL,
  PRIMARY KEY (`id`),
  KEY `FKhtlm9imtfynryp6nknm8fva71` (`supplierId`),
  CONSTRAINT `FKhtlm9imtfynryp6nknm8fva71` FOREIGN KEY (`supplierId`) REFERENCES `supplier` (`id`)
) ENGINE=InnoDB AUTO_INCREMENT=65 DEFAULT CHARSET=utf8mb4 COLLATE=utf8mb4_0900_ai_ci;
/*!40101 SET character_set_client = @saved_cs_client */;

--
-- Dumping data for table `medicine`
--

LOCK TABLES `medicine` WRITE;
/*!40000 ALTER TABLE `medicine` DISABLE KEYS */;
INSERT INTO `medicine` VALUES (1,25,'2024-07-25 15:46:18.616000','2002-07-12 03:00:00.000000','acmool',20,_binary '',1),(2,30,'2024-07-25 15:46:42.438000','2002-07-12 03:00:00.000000','pandooll',25,_binary '',2),(3,30,'2024-07-25 15:46:52.536000','2002-07-12 03:00:00.000000','asbreen',25,_binary '\0',3),(4,10.5,'2023-01-01 12:00:00.000000','2024-01-01 12:00:00.000000','Medicine A',12,_binary '\0',4),(5,8.75,'2023-02-01 12:00:00.000000','2024-02-01 12:00:00.000000','Medicine B',10,_binary '\0',5),(6,15,'2023-03-01 12:00:00.000000','2024-03-01 12:00:00.000000','Medicine C',17,_binary '\0',6),(7,9.5,'2023-04-01 12:00:00.000000','2024-04-01 12:00:00.000000','Medicine D',11,_binary '\0',7),(8,11.25,'2023-05-01 12:00:00.000000','2024-05-01 12:00:00.000000','Medicine E',13,_binary '\0',8),(9,7.75,'2023-06-01 12:00:00.000000','2024-06-01 12:00:00.000000','Medicine F',9,_binary '\0',9),(10,13.5,'2023-07-01 12:00:00.000000','2024-07-01 12:00:00.000000','Medicine G',15,_binary '\0',10),(11,10,'2023-08-01 12:00:00.000000','2024-08-01 12:00:00.000000','Medicine H',11.5,_binary '\0',1),(12,8.25,'2023-09-01 12:00:00.000000','2024-09-01 12:00:00.000000','Medicine I',9.5,_binary '\0',2),(13,16.75,'2023-10-01 12:00:00.000000','2024-10-01 12:00:00.000000','Medicine J',18,_binary '\0',3),(14,9,'2023-11-01 12:00:00.000000','2024-11-01 12:00:00.000000','Medicine K',10.25,_binary '\0',4),(15,12.5,'2023-12-01 12:00:00.000000','2024-12-01 12:00:00.000000','Medicine L',14,_binary '\0',5),(16,14.75,'2024-01-01 12:00:00.000000','2025-01-01 12:00:00.000000','Medicine M',16.5,_binary '\0',6),(17,10.5,'2024-02-01 12:00:00.000000','2025-02-01 12:00:00.000000','Medicine N',12.25,_binary '\0',7),(18,8,'2024-03-01 12:00:00.000000','2025-03-01 12:00:00.000000','Medicine O',9.75,_binary '\0',8),(19,15.25,'2024-04-01 12:00:00.000000','2025-04-01 12:00:00.000000','Medicine P',17.5,_binary '\0',9),(20,11.75,'2024-05-01 12:00:00.000000','2025-05-01 12:00:00.000000','Medicine Q',13.5,_binary '\0',10),(21,9.5,'2024-06-01 12:00:00.000000','2025-06-01 12:00:00.000000','Medicine R',11.25,_binary '\0',1),(22,13,'2024-07-01 12:00:00.000000','2025-07-01 12:00:00.000000','Medicine S',14.75,_binary '\0',2),(23,8.75,'2024-08-01 12:00:00.000000','2025-08-01 12:00:00.000000','Medicine T',10,_binary '\0',3),(24,14,'2024-09-01 12:00:00.000000','2025-09-01 12:00:00.000000','Medicine U',15.75,_binary '\0',4),(25,10.25,'2024-10-01 12:00:00.000000','2025-10-01 12:00:00.000000','Medicine V',11.5,_binary '\0',5),(26,12.75,'2024-11-01 12:00:00.000000','2025-11-01 12:00:00.000000','Medicine W',14,_binary '\0',6),(27,15.5,'2024-12-01 12:00:00.000000','2025-12-01 12:00:00.000000','Medicine X',17.25,_binary '\0',7),(28,9.25,'2025-01-01 12:00:00.000000','2026-01-01 12:00:00.000000','Medicine Y',10.5,_binary '\0',8),(29,11,'2025-02-01 12:00:00.000000','2026-02-01 12:00:00.000000','Medicine Z',12.75,_binary '\0',9),(30,8.5,'2025-03-01 12:00:00.000000','2026-03-01 12:00:00.000000','Medicine AA',9.75,_binary '\0',10),(31,14.25,'2025-04-01 12:00:00.000000','2026-04-01 12:00:00.000000','Medicine BB',16,_binary '\0',1),(32,10.75,'2025-05-01 12:00:00.000000','2026-05-01 12:00:00.000000','Medicine CC',12,_binary '\0',2),(33,7.5,'2025-06-01 12:00:00.000000','2026-06-01 12:00:00.000000','Medicine DD',9,_binary '\0',3),(34,13.25,'2025-07-01 12:00:00.000000','2026-07-01 12:00:00.000000','Medicine EE',14.5,_binary '\0',4),(35,8,'2025-08-01 12:00:00.000000','2026-08-01 12:00:00.000000','Medicine FF',9.75,_binary '\0',5),(36,15.75,'2025-09-01 12:00:00.000000','2026-09-01 12:00:00.000000','Medicine GG',17,_binary '\0',6),(37,9.75,'2025-10-01 12:00:00.000000','2026-10-01 12:00:00.000000','Medicine HH',11.25,_binary '\0',7),(38,12.25,'2025-11-01 12:00:00.000000','2026-11-01 12:00:00.000000','Medicine II',14,_binary '\0',8),(39,14.5,'2025-12-01 12:00:00.000000','2026-12-01 12:00:00.000000','Medicine JJ',16.25,_binary '\0',9),(40,10,'2026-01-01 12:00:00.000000','2027-01-01 12:00:00.000000','Medicine KK',11.5,_binary '\0',10),(41,11.75,'2026-02-01 12:00:00.000000','2027-02-01 12:00:00.000000','Medicine LL',13.5,_binary '\0',1),(42,8.75,'2026-03-01 12:00:00.000000','2027-03-01 12:00:00.000000','Medicine MM',10,_binary '\0',2),(43,15,'2026-04-01 12:00:00.000000','2027-04-01 12:00:00.000000','Medicine NN',16.75,_binary '\0',3),(44,11.25,'2026-05-01 12:00:00.000000','2027-05-01 12:00:00.000000','Medicine OO',12.5,_binary '\0',4),(45,9,'2026-06-01 12:00:00.000000','2027-06-01 12:00:00.000000','Medicine PP',10.75,_binary '\0',5),(46,13.5,'2026-07-01 12:00:00.000000','2027-07-01 12:00:00.000000','Medicine QQ',14.75,_binary '\0',6),(47,10.5,'2026-08-01 12:00:00.000000','2027-08-01 12:00:00.000000','Medicine RR',12,_binary '\0',7),(48,7.75,'2026-09-01 12:00:00.000000','2027-09-01 12:00:00.000000','Medicine SS',9,_binary '\0',8),(49,14.75,'2026-10-01 12:00:00.000000','2027-10-01 12:00:00.000000','Medicine TT',16.5,_binary '\0',9),(50,9.25,'2026-11-01 12:00:00.000000','2027-11-01 12:00:00.000000','Medicine UU',10.5,_binary '\0',10),(51,11,'2026-12-01 12:00:00.000000','2027-12-01 12:00:00.000000','Medicine VV',12.75,_binary '\0',1),(52,8.5,'2027-01-01 12:00:00.000000','2028-01-01 12:00:00.000000','Medicine WW',9.75,_binary '\0',2),(53,14,'2027-02-01 12:00:00.000000','2028-02-01 12:00:00.000000','Medicine XX',15.75,_binary '\0',3),(54,10.25,'2027-03-01 12:00:00.000000','2028-03-01 12:00:00.000000','Medicine YY',11.5,_binary '\0',4),(55,12.75,'2027-04-01 12:00:00.000000','2028-04-01 12:00:00.000000','Medicine ZZ',14,_binary '\0',5),(56,15.5,'2027-05-01 12:00:00.000000','2028-05-01 12:00:00.000000','Medicine AAA',17.25,_binary '\0',6),(57,9.5,'2027-06-01 12:00:00.000000','2028-06-01 12:00:00.000000','Medicine BBB',11,_binary '\0',7),(58,11.25,'2027-07-01 12:00:00.000000','2028-07-01 12:00:00.000000','Medicine CCC',12.5,_binary '\0',8),(59,8,'2027-08-01 12:00:00.000000','2028-08-01 12:00:00.000000','Medicine DDD',9.75,_binary '\0',9),(60,13.75,'2027-09-01 12:00:00.000000','2028-09-01 12:00:00.000000','Medicine EEE',15.25,_binary '\0',10),(61,10,'2027-10-01 12:00:00.000000','2028-10-01 12:00:00.000000','Medicine FFF',11.5,_binary '\0',1),(62,12.25,'2027-11-01 12:00:00.000000','2028-11-01 12:00:00.000000','Medicine GGG',14,_binary '\0',2),(63,15.75,'2027-12-01 12:00:00.000000','2028-12-01 12:00:00.000000','Medicine HHH',17,_binary '\0',3),(64,20,'2024-07-29 10:26:40.556000','2028-09-22 03:00:00.000000','ansoleen',15,_binary '\0',4);
/*!40000 ALTER TABLE `medicine` ENABLE KEYS */;
UNLOCK TABLES;

--
-- Table structure for table `patient_medicine`
--

DROP TABLE IF EXISTS `patient_medicine`;
/*!40101 SET @saved_cs_client     = @@character_set_client */;
/*!50503 SET character_set_client = utf8mb4 */;
CREATE TABLE `patient_medicine` (
  `id` bigint NOT NULL AUTO_INCREMENT,
  `price` double NOT NULL,
  `quantity` int NOT NULL,
  `medicineId` bigint NOT NULL,
  `treatmentId` bigint DEFAULT NULL,
  PRIMARY KEY (`id`),
  KEY `FKno88osn5qj7c6xfsijj7tjpfq` (`medicineId`),
  KEY `FK95wahk45fe2ungydaq90fg2db` (`treatmentId`),
  CONSTRAINT `FK95wahk45fe2ungydaq90fg2db` FOREIGN KEY (`treatmentId`) REFERENCES `treatments` (`id`),
  CONSTRAINT `FKno88osn5qj7c6xfsijj7tjpfq` FOREIGN KEY (`medicineId`) REFERENCES `medicine` (`id`)
) ENGINE=InnoDB AUTO_INCREMENT=131 DEFAULT CHARSET=utf8mb4 COLLATE=utf8mb4_0900_ai_ci;
/*!40101 SET character_set_client = @saved_cs_client */;

--
-- Dumping data for table `patient_medicine`
--

LOCK TABLES `patient_medicine` WRITE;
/*!40000 ALTER TABLE `patient_medicine` DISABLE KEYS */;
INSERT INTO `patient_medicine` VALUES (1,50,5,1,1),(2,50,5,1,1),(3,100,10,1,1),(4,100,10,1,2),(5,44,3,1,2),(6,460,3,1,2),(7,460,3,2,2),(8,34,3,2,2),(9,34,3,2,1),(10,50,5,3,1),(11,134,9,3,1),(12,134,9,3,2),(13,12.75,2,1,3),(14,9.5,1,2,4),(15,11.25,3,3,5),(16,8,1,4,6),(17,13.75,2,5,7),(18,10,1,6,8),(19,12.25,3,7,9),(20,15.75,2,8,10),(21,10.5,1,9,11),(22,13,2,10,12),(23,11.5,1,11,13),(24,14.25,3,12,14),(25,9.75,2,13,15),(26,12,1,14,16),(27,10.75,3,15,17),(28,13.5,2,16,18),(29,11,1,17,19),(30,14.75,3,18,20),(31,9.25,2,19,21),(32,12.5,1,20,22),(33,10.25,3,21,23),(34,13.75,2,22,24),(35,11.25,1,23,25),(36,15,3,24,26),(37,9,2,25,27),(38,12.75,1,26,28),(39,10.5,3,27,29),(40,14.25,2,28,30),(41,11,1,29,31),(42,15.5,3,30,32),(43,9.5,2,31,33),(44,12.75,1,32,34),(45,10,3,33,35),(46,13.5,2,34,36),(47,11.25,1,35,37),(48,15.75,3,36,38),(49,9.25,2,37,39),(50,12.5,1,38,40),(51,10.75,3,39,41),(52,14,2,40,42),(53,11,1,41,43),(54,15.75,3,42,44),(55,9,2,43,45),(56,13,1,44,46),(57,10.5,3,45,47),(58,14.25,2,46,48),(59,11.25,1,47,49),(60,15.5,3,48,50),(61,9.75,2,49,51),(62,12,1,50,52),(63,10.5,3,51,53),(64,14,2,52,54),(65,11.5,1,53,55),(66,15.25,3,54,56),(67,9,2,55,57),(68,13.75,1,56,58),(69,10.25,3,57,59),(70,14.5,2,58,60),(71,11,1,59,61),(72,15,3,60,62),(73,9.25,2,61,63),(74,12.5,1,62,64),(75,10.75,3,63,65),(76,14,2,1,66),(77,11.5,1,2,67),(78,15.25,3,3,68),(79,9.75,2,4,69),(80,12,1,5,70),(81,10.25,3,6,71),(82,14.75,2,7,72),(83,11,1,8,73),(84,15.5,3,9,74),(85,9.5,2,10,75),(86,12.75,1,11,76),(87,10,3,12,77),(88,13.5,2,13,78),(89,11.25,1,14,79),(90,15.75,3,15,80),(91,9.25,2,16,81),(92,12.5,1,17,82),(93,10.75,3,18,83),(94,14,2,19,84),(95,11,1,20,85),(96,15.75,3,21,86),(97,9,2,22,87),(98,13,1,23,88),(99,10.5,3,24,89),(100,14.25,2,25,90),(101,11.25,1,26,91),(102,15.5,3,27,92),(103,9.75,2,28,93),(104,12,1,29,94),(105,10.5,3,30,95),(106,14,2,31,96),(107,11.5,1,32,97),(108,15.25,3,33,98),(109,9,2,34,99),(110,13.75,1,35,100),(111,10.25,3,36,101),(112,14.5,2,37,102),(113,11,1,38,103),(114,15,3,39,104),(115,9.25,2,40,105),(116,12.5,1,41,106),(117,10.75,3,42,107),(118,14,2,43,108),(119,11.5,1,44,109),(120,15.25,3,45,110),(121,9.75,2,46,111),(122,12,1,47,112),(123,10.25,3,48,113),(124,14.75,2,49,114),(125,11,1,50,115),(126,15.5,3,51,116),(127,9.5,2,52,117),(128,12.75,1,53,118),(129,10,3,54,119),(130,13.5,2,55,120);
/*!40000 ALTER TABLE `patient_medicine` ENABLE KEYS */;
UNLOCK TABLES;

--
-- Table structure for table `patients`
--

DROP TABLE IF EXISTS `patients`;
/*!40101 SET @saved_cs_client     = @@character_set_client */;
/*!50503 SET character_set_client = utf8mb4 */;
CREATE TABLE `patients` (
  `id` bigint NOT NULL AUTO_INCREMENT,
  `address` varchar(255) NOT NULL,
  `age` int NOT NULL,
  `createdDate` datetime(6) DEFAULT NULL,
  `firstName` varchar(255) NOT NULL,
  `lastName` varchar(255) NOT NULL,
  `phone` varchar(255) DEFAULT NULL,
  PRIMARY KEY (`id`)
) ENGINE=InnoDB AUTO_INCREMENT=103 DEFAULT CHARSET=utf8mb4 COLLATE=utf8mb4_0900_ai_ci;
/*!40101 SET character_set_client = @saved_cs_client */;

--
-- Dumping data for table `patients`
--

LOCK TABLES `patients` WRITE;
/*!40000 ALTER TABLE `patients` DISABLE KEYS */;
INSERT INTO `patients` VALUES (1,'Ramallah',50,'2024-07-25 10:43:40.895000','aws','Mohammad','+357-1103049523'),(2,'Ramallah',50,'2024-07-25 10:49:01.629000','abed','Mohammad','+357-1103049523'),(53,'123 Main St',25,'2023-01-10 10:00:00.000000','John','Doe','555-1234'),(54,'456 Elm St',30,'2023-02-12 11:00:00.000000','Jane','Smith','555-5678'),(55,'789 Oak St',35,'2023-03-15 12:00:00.000000','James','Brown','555-8765'),(56,'101 Maple St',40,'2023-04-18 13:00:00.000000','Emily','Davis','555-4321'),(57,'202 Pine St',45,'2023-05-20 14:00:00.000000','Michael','Wilson','555-9876'),(58,'303 Cedar St',50,'2023-06-22 15:00:00.000000','Sarah','Miller','555-6543'),(59,'404 Birch St',55,'2023-07-25 16:00:00.000000','David','Martinez','555-3210'),(60,'505 Spruce St',60,'2023-08-28 17:00:00.000000','Laura','Garcia','555-7890'),(61,'606 Willow St',65,'2023-09-30 18:00:00.000000','Robert','Rodriguez','555-4567'),(62,'707 Aspen St',70,'2023-10-12 19:00:00.000000','Anna','Martinez','555-1235'),(63,'808 Fir St',75,'2023-11-14 20:00:00.000000','George','Harris','555-6789'),(64,'909 Redwood St',80,'2023-12-16 21:00:00.000000','Emma','Clark','555-9871'),(65,'1000 Cypress St',85,'2024-01-18 22:00:00.000000','Henry','Lewis','555-5432'),(66,'1100 Sequoia St',90,'2024-02-20 23:00:00.000000','Olivia','Walker','555-3212'),(67,'1200 Poplar St',95,'2024-03-22 23:00:00.000000','Liam','Young','555-6541'),(68,'1300 Palm St',100,'2024-04-24 00:00:00.000000','Ava','King','555-7893'),(69,'1400 Magnolia St',105,'2024-05-26 01:00:00.000000','Mason','Scott','555-4324'),(70,'1500 Juniper St',110,'2024-06-28 02:00:00.000000','Isabella','Green','555-1237'),(71,'1600 Palm St',115,'2024-07-30 03:00:00.000000','Lucas','Adams','555-5673'),(72,'1700 Cypress St',120,'2024-08-01 04:00:00.000000','Mia','Baker','555-7894'),(73,'1800 Oak St',125,'2024-09-02 05:00:00.000000','Charlotte','Carter','555-4325'),(74,'1900 Maple St',130,'2024-10-03 06:00:00.000000','Amelia','Collins','555-8764'),(75,'2000 Elm St',135,'2024-11-04 07:00:00.000000','Evelyn','Stewart','555-1236'),(76,'2100 Pine St',140,'2024-12-05 08:00:00.000000','Harper','Morris','555-5674'),(77,'2200 Cedar St',145,'2025-01-06 09:00:00.000000','Eleanor','Peterson','555-7892'),(78,'2300 Birch St',150,'2025-02-07 10:00:00.000000','Penelope','Rodriguez','555-4323'),(79,'2400 Spruce St',155,'2025-03-08 11:00:00.000000','Violet','Evans','555-9875'),(80,'2500 Willow St',160,'2025-04-09 12:00:00.000000','Hazel','Parker','555-6545'),(81,'2600 Fir St',165,'2025-05-10 13:00:00.000000','Lily','Richardson','555-7895'),(82,'2700 Aspen St',170,'2025-06-11 14:00:00.000000','Grace','Stewart','555-8766'),(83,'2800 Redwood St',175,'2025-07-12 15:00:00.000000','Zoey','Roberts','555-1238'),(84,'2900 Cypress St',180,'2025-08-13 16:00:00.000000','Nora','Bell','555-5676'),(85,'3000 Sequoia St',185,'2025-09-14 17:00:00.000000','Aria','Cooper','555-7896'),(86,'3100 Poplar St',190,'2025-10-15 18:00:00.000000','Luna','Bailey','555-4326'),(87,'3200 Palm St',195,'2025-11-16 19:00:00.000000','Ella','Brooks','555-8767'),(88,'3300 Magnolia St',200,'2025-12-17 20:00:00.000000','Scarlett','Sanders','555-1239'),(89,'3400 Juniper St',205,'2026-01-18 21:00:00.000000','Aurora','Price','555-5677'),(90,'3500 Cypress St',210,'2026-02-19 22:00:00.000000','Aurora','Mendoza','555-7897'),(91,'3600 Willow St',215,'2026-03-20 23:00:00.000000','Evelyn','Jimenez','555-4327'),(92,'3700 Fir St',220,'2026-04-21 00:00:00.000000','Isabella','Blake','555-8768'),(93,'3800 Aspen St',225,'2026-05-22 01:00:00.000000','Charlotte','Morris','555-1240'),(94,'3900 Redwood St',230,'2026-06-23 02:00:00.000000','Amelia','Morris','555-5678'),(95,'4000 Cypress St',235,'2026-07-24 03:00:00.000000','Aria','Martin','555-7898'),(96,'4100 Sequoia St',240,'2026-08-25 04:00:00.000000','Harper','Mendoza','555-4328'),(97,'4200 Poplar St',245,'2026-09-26 05:00:00.000000','Penelope','Kim','555-8769'),(98,'4300 Palm St',250,'2026-10-27 06:00:00.000000','Hazel','Wilson','555-1241'),(99,'4400 Magnolia St',255,'2026-11-28 07:00:00.000000','Layla','Nguyen','555-5679'),(100,'4500 Juniper St',260,'2026-12-29 08:00:00.000000','Lily','Garcia','555-7899'),(101,'4600 Cypress St',265,'2027-01-30 09:00:00.000000','Sofia','Brown','555-4329'),(102,'4700 Willow St',270,'2027-02-28 10:00:00.000000','Zoey','Gonzalez','555-8760');
/*!40000 ALTER TABLE `patients` ENABLE KEYS */;
UNLOCK TABLES;

--
-- Table structure for table `patients_deleted`
--

DROP TABLE IF EXISTS `patients_deleted`;
/*!40101 SET @saved_cs_client     = @@character_set_client */;
/*!50503 SET character_set_client = utf8mb4 */;
CREATE TABLE `patients_deleted` (
  `id` bigint NOT NULL AUTO_INCREMENT,
  `address` varchar(255) NOT NULL,
  `age` int NOT NULL,
  `createdDate` datetime(6) DEFAULT NULL,
  `firstName` varchar(255) NOT NULL,
  `lastName` varchar(255) NOT NULL,
  `patientDeletedId` bigint DEFAULT NULL,
  `phone` varchar(255) DEFAULT NULL,
  PRIMARY KEY (`id`)
) ENGINE=InnoDB DEFAULT CHARSET=utf8mb4 COLLATE=utf8mb4_0900_ai_ci;
/*!40101 SET character_set_client = @saved_cs_client */;

--
-- Dumping data for table `patients_deleted`
--

LOCK TABLES `patients_deleted` WRITE;
/*!40000 ALTER TABLE `patients_deleted` DISABLE KEYS */;
/*!40000 ALTER TABLE `patients_deleted` ENABLE KEYS */;
UNLOCK TABLES;

--
-- Table structure for table `salarypayments`
--

DROP TABLE IF EXISTS `salarypayments`;
/*!40101 SET @saved_cs_client     = @@character_set_client */;
/*!50503 SET character_set_client = utf8mb4 */;
CREATE TABLE `salarypayments` (
  `id` bigint NOT NULL AUTO_INCREMENT,
  `amount` double NOT NULL,
  `paymentDate` date NOT NULL,
  `salaryType` varchar(255) NOT NULL,
  `salaryId` bigint NOT NULL,
  PRIMARY KEY (`id`),
  KEY `FKqrbqjhvkd6jin3c9kl0ukq88h` (`salaryId`),
  CONSTRAINT `FKqrbqjhvkd6jin3c9kl0ukq88h` FOREIGN KEY (`salaryId`) REFERENCES `users` (`id`)
) ENGINE=InnoDB AUTO_INCREMENT=216 DEFAULT CHARSET=utf8mb4 COLLATE=utf8mb4_0900_ai_ci;
/*!40101 SET character_set_client = @saved_cs_client */;

--
-- Dumping data for table `salarypayments`
--

LOCK TABLES `salarypayments` WRITE;
/*!40000 ALTER TABLE `salarypayments` DISABLE KEYS */;
INSERT INTO `salarypayments` VALUES (1,1663,'2023-01-01','MONTHLY',1),(2,1833,'2023-02-01','MONTHLY',1),(3,1175,'2023-03-01','MONTHLY',1),(4,1379,'2023-04-01','MONTHLY',1),(5,1371,'2023-05-01','MONTHLY',1),(6,1716,'2023-06-01','MONTHLY',2),(7,1469,'2023-07-01','MONTHLY',2),(8,1198,'2023-08-01','MONTHLY',2),(9,1585,'2023-09-01','MONTHLY',2),(10,1329,'2023-10-01','MONTHLY',2),(11,1890,'2023-06-01','MONTHLY',3),(12,1466,'2023-07-01','MONTHLY',3),(13,1658,'2023-08-01','MONTHLY',3),(14,1892,'2023-09-01','MONTHLY',3),(15,1488,'2023-10-01','MONTHLY',3),(16,1763,'2023-05-01','MONTHLY',4),(17,1353,'2023-02-01','MONTHLY',4),(18,1476,'2023-04-01','MONTHLY',4),(19,1322,'2023-03-01','MONTHLY',4),(20,1184,'2023-08-01','MONTHLY',4),(21,1953,'2023-05-01','MONTHLY',5),(22,1215,'2023-02-01','MONTHLY',5),(23,1216,'2023-04-01','MONTHLY',5),(24,1433,'2023-03-01','MONTHLY',5),(25,1520,'2023-08-01','MONTHLY',5),(26,1299,'2023-02-01','MONTHLY',6),(27,1938,'2023-06-01','MONTHLY',6),(28,1793,'2023-09-01','MONTHLY',6),(29,1152,'2023-11-01','MONTHLY',6),(30,1383,'2023-12-01','MONTHLY',6),(31,1457,'2023-05-01','MONTHLY',41),(32,1139,'2023-06-01','MONTHLY',41),(33,1323,'2023-08-01','MONTHLY',41),(34,1201,'2023-11-01','MONTHLY',41),(35,1034,'2023-12-01','MONTHLY',41),(36,1566,'2023-02-01','MONTHLY',42),(37,1731,'2023-01-01','MONTHLY',42),(38,1956,'2023-03-01','MONTHLY',42),(39,1586,'2023-11-01','MONTHLY',42),(40,1064,'2023-12-01','MONTHLY',42),(41,1563,'2023-02-01','MONTHLY',44),(42,1625,'2023-01-01','MONTHLY',44),(43,1433,'2023-03-01','MONTHLY',44),(44,1292,'2023-04-01','MONTHLY',44),(45,1163,'2023-05-01','MONTHLY',44),(46,1939,'2023-05-01','HOURLY',43),(47,1205,'2023-07-01','HOURLY',43),(48,1211,'2023-08-01','HOURLY',43),(49,1440,'2023-12-01','HOURLY',43),(50,1567,'2023-11-01','HOURLY',43),(51,1515,'2023-02-01','MONTHLY',46),(52,1874,'2023-01-01','MONTHLY',46),(53,1824,'2023-03-01','MONTHLY',46),(54,1500,'2023-04-01','MONTHLY',46),(55,1028,'2023-05-01','MONTHLY',46),(56,1639,'2023-02-01','HOURLY',45),(57,1114,'2023-01-01','HOURLY',45),(58,1653,'2023-03-01','HOURLY',45),(59,1924,'2023-06-01','HOURLY',45),(60,1660,'2023-07-01','HOURLY',45),(61,1531,'2023-02-01','MONTHLY',48),(62,1676,'2023-01-01','MONTHLY',48),(63,1784,'2023-03-01','MONTHLY',48),(64,1895,'2023-04-01','MONTHLY',48),(65,1123,'2023-05-01','MONTHLY',48),(66,1930,'2023-02-01','HOURLY',47),(67,1280,'2023-01-01','HOURLY',47),(68,1614,'2023-03-01','HOURLY',47),(69,1227,'2023-06-01','HOURLY',47),(70,1294,'2023-07-01','HOURLY',47),(71,1790,'2023-02-01','MONTHLY',50),(72,1068,'2023-01-01','MONTHLY',50),(73,1971,'2023-03-01','MONTHLY',50),(74,1653,'2023-04-01','MONTHLY',50),(75,1353,'2023-05-01','MONTHLY',50),(76,1807,'2023-02-01','HOURLY',49),(77,1976,'2023-01-01','HOURLY',49),(78,1457,'2023-03-01','HOURLY',49),(79,1359,'2023-06-01','HOURLY',49),(80,1426,'2023-07-01','HOURLY',49),(81,1051,'2023-02-01','MONTHLY',52),(82,1978,'2023-01-01','MONTHLY',52),(83,1738,'2023-03-01','MONTHLY',52),(84,1757,'2023-04-01','MONTHLY',52),(85,1572,'2023-05-01','MONTHLY',52),(86,1590,'2023-02-01','HOURLY',51),(87,1234,'2023-01-01','HOURLY',51),(88,1400,'2023-03-01','HOURLY',51),(89,1298,'2023-06-01','HOURLY',51),(90,1290,'2023-07-01','HOURLY',51),(91,1557,'2023-02-01','MONTHLY',54),(92,1915,'2023-01-01','MONTHLY',54),(93,1905,'2023-03-01','MONTHLY',54),(94,1779,'2023-04-01','MONTHLY',54),(95,1184,'2023-05-01','MONTHLY',54),(96,1580,'2023-02-01','HOURLY',53),(97,1350,'2023-01-01','HOURLY',53),(98,1011,'2023-03-01','HOURLY',53),(99,1004,'2023-06-01','HOURLY',53),(100,1986,'2023-07-01','HOURLY',53),(101,1921,'2023-02-01','MONTHLY',56),(102,1646,'2023-01-01','MONTHLY',56),(103,1468,'2023-03-01','MONTHLY',56),(104,1404,'2023-04-01','MONTHLY',56),(105,1616,'2023-05-01','MONTHLY',56),(106,1867,'2023-02-01','HOURLY',55),(107,1490,'2023-01-01','HOURLY',55),(108,1848,'2023-03-01','HOURLY',55),(109,1771,'2023-06-01','HOURLY',55),(110,1311,'2023-07-01','HOURLY',55),(111,1243,'2023-02-01','MONTHLY',58),(112,1282,'2023-01-01','MONTHLY',58),(113,1680,'2023-03-01','MONTHLY',58),(114,1557,'2023-04-01','MONTHLY',58),(115,1745,'2023-05-01','MONTHLY',58),(116,1053,'2023-02-01','HOURLY',57),(117,1033,'2023-01-01','HOURLY',57),(118,1006,'2023-03-01','HOURLY',57),(119,1929,'2023-06-01','HOURLY',57),(120,1631,'2023-07-01','HOURLY',57),(121,1367,'2023-02-01','MONTHLY',60),(122,1941,'2023-01-01','MONTHLY',60),(123,1606,'2023-03-01','MONTHLY',60),(124,1208,'2023-04-01','MONTHLY',60),(125,1222,'2023-05-01','MONTHLY',60),(126,1486,'2023-02-01','HOURLY',59),(127,1764,'2023-01-01','HOURLY',59),(128,1364,'2023-03-01','HOURLY',59),(129,1528,'2023-06-01','HOURLY',59),(130,1549,'2023-07-01','HOURLY',59),(131,1162,'2023-02-01','MONTHLY',62),(132,1164,'2023-01-01','MONTHLY',62),(133,1334,'2023-03-01','MONTHLY',62),(134,1180,'2023-04-01','MONTHLY',62),(135,1896,'2023-05-01','MONTHLY',62),(136,1943,'2023-02-01','HOURLY',61),(137,1027,'2023-01-01','HOURLY',61),(138,1307,'2023-03-01','HOURLY',61),(139,1453,'2023-06-01','HOURLY',61),(140,1345,'2023-07-01','HOURLY',61),(141,1368,'2023-06-01','MONTHLY',64),(142,1805,'2023-08-01','MONTHLY',64),(143,1922,'2023-09-01','MONTHLY',64),(144,1196,'2023-10-01','MONTHLY',64),(145,1215,'2023-11-01','MONTHLY',64),(146,1485,'2023-04-01','HOURLY',63),(147,1783,'2023-05-01','HOURLY',63),(148,1460,'2023-03-01','HOURLY',63),(149,1953,'2023-12-01','HOURLY',63),(150,1384,'2023-07-01','HOURLY',63),(151,1063,'2023-06-01','MONTHLY',66),(152,1162,'2023-08-01','MONTHLY',66),(153,1620,'2023-09-01','MONTHLY',66),(154,1616,'2023-10-01','MONTHLY',66),(155,1221,'2023-11-01','MONTHLY',66),(156,1256,'2023-04-01','HOURLY',65),(157,1620,'2023-05-01','HOURLY',65),(158,1332,'2023-03-01','HOURLY',65),(159,1798,'2023-12-01','HOURLY',65),(160,1998,'2023-07-01','HOURLY',65),(161,1594,'2023-06-01','MONTHLY',68),(162,1976,'2023-08-01','MONTHLY',68),(163,1098,'2023-09-01','MONTHLY',68),(164,1564,'2023-10-01','MONTHLY',68),(165,1524,'2023-11-01','MONTHLY',68),(166,1931,'2023-04-01','HOURLY',67),(167,1081,'2023-05-01','HOURLY',67),(168,1615,'2023-03-01','HOURLY',67),(169,1833,'2023-12-01','HOURLY',67),(170,1320,'2023-07-01','HOURLY',67),(171,1101,'2023-06-01','MONTHLY',70),(172,1547,'2023-08-01','MONTHLY',70),(173,1431,'2023-09-01','MONTHLY',70),(174,1514,'2023-10-01','MONTHLY',70),(175,1278,'2023-11-01','MONTHLY',70),(176,1847,'2023-04-01','HOURLY',69),(177,1405,'2023-05-01','HOURLY',69),(178,1482,'2023-03-01','HOURLY',69),(179,1195,'2023-12-01','HOURLY',69),(180,1528,'2023-07-01','HOURLY',69),(181,1059,'2023-06-01','MONTHLY',72),(182,1711,'2023-08-01','MONTHLY',72),(183,1376,'2023-09-01','MONTHLY',72),(184,1750,'2023-10-01','MONTHLY',72),(185,1621,'2023-11-01','MONTHLY',72),(186,1857,'2023-04-01','HOURLY',71),(187,1423,'2023-05-01','HOURLY',71),(188,1543,'2023-03-01','HOURLY',71),(189,1449,'2023-12-01','HOURLY',71),(190,1615,'2023-07-01','HOURLY',71),(191,1728,'2023-06-01','MONTHLY',74),(192,1796,'2023-08-01','MONTHLY',74),(193,1797,'2023-09-01','MONTHLY',74),(194,1598,'2023-10-01','MONTHLY',74),(195,1597,'2023-11-01','MONTHLY',74),(196,1192,'2023-04-01','HOURLY',73),(197,1170,'2023-05-01','HOURLY',73),(198,1273,'2023-03-01','HOURLY',73),(199,1858,'2023-12-01','HOURLY',73),(200,1469,'2023-07-01','HOURLY',73),(201,1771,'2023-06-01','MONTHLY',76),(202,1451,'2023-08-01','MONTHLY',76),(203,1940,'2023-09-01','MONTHLY',76),(204,1349,'2023-10-01','MONTHLY',76),(205,1924,'2023-11-01','MONTHLY',76),(206,1576,'2023-04-01','HOURLY',75),(207,1108,'2023-05-01','HOURLY',75),(208,1813,'2023-03-01','HOURLY',75),(209,1739,'2023-12-01','HOURLY',75),(210,1258,'2023-07-01','HOURLY',75),(211,1075,'2023-06-01','MONTHLY',78),(212,1602,'2023-08-01','MONTHLY',78),(213,1784,'2023-09-01','MONTHLY',78),(214,1113,'2023-10-01','MONTHLY',78),(215,1216,'2023-11-01','MONTHLY',78);
/*!40000 ALTER TABLE `salarypayments` ENABLE KEYS */;
UNLOCK TABLES;

--
-- Table structure for table `supplier`
--

DROP TABLE IF EXISTS `supplier`;
/*!40101 SET @saved_cs_client     = @@character_set_client */;
/*!50503 SET character_set_client = utf8mb4 */;
CREATE TABLE `supplier` (
  `id` bigint NOT NULL AUTO_INCREMENT,
  `address` varchar(255) NOT NULL,
  `companyName` enum('COMPANY_NAMES','COMPANY_NAMES1','COMPANY_NAMES10','COMPANY_NAMES2','COMPANY_NAMES3','COMPANY_NAMES4','COMPANY_NAMES5','COMPANY_NAMES6','COMPANY_NAMES7','COMPANY_NAMES8','COMPANY_NAMES9') NOT NULL,
  `createdDate` datetime(6) DEFAULT NULL,
  `isDeleted` bit(1) NOT NULL,
  `name` varchar(255) NOT NULL,
  `phone` varchar(255) NOT NULL,
  PRIMARY KEY (`id`)
) ENGINE=InnoDB AUTO_INCREMENT=12 DEFAULT CHARSET=utf8mb4 COLLATE=utf8mb4_0900_ai_ci;
/*!40101 SET character_set_client = @saved_cs_client */;

--
-- Dumping data for table `supplier`
--

LOCK TABLES `supplier` WRITE;
/*!40000 ALTER TABLE `supplier` DISABLE KEYS */;
INSERT INTO `supplier` VALUES (1,'Address 1','COMPANY_NAMES','2024-07-31 10:55:55.000000',_binary '\0','Supplier 1','123-456-7890'),(2,'Address 2','COMPANY_NAMES1','2024-07-31 10:55:55.000000',_binary '\0','Supplier 2','234-567-8901'),(3,'Address 3','COMPANY_NAMES2','2024-07-31 10:55:55.000000',_binary '\0','Supplier 3','345-678-9012'),(4,'Address 4','COMPANY_NAMES3','2024-07-31 10:55:55.000000',_binary '\0','Supplier 4','456-789-0123'),(5,'Address 5','COMPANY_NAMES4','2024-07-31 10:55:55.000000',_binary '\0','Supplier 5','567-890-1234'),(6,'Address 6','COMPANY_NAMES5','2024-07-31 10:55:55.000000',_binary '\0','Supplier 6','678-901-2345'),(7,'Address 7','COMPANY_NAMES6','2024-07-31 10:55:55.000000',_binary '\0','Supplier 7','789-012-3456'),(8,'Address 8','COMPANY_NAMES7','2024-07-31 10:55:55.000000',_binary '\0','Supplier 8','890-123-4567'),(9,'Address 9','COMPANY_NAMES8','2024-07-31 10:55:55.000000',_binary '\0','Supplier 9','901-234-5678'),(10,'Address 10','COMPANY_NAMES9','2024-07-31 10:55:55.000000',_binary '\0','Supplier 10','012-345-6789'),(11,'noor','COMPANY_NAMES7','2024-07-31 11:48:46.292000',_binary '','noor','noor');
/*!40000 ALTER TABLE `supplier` ENABLE KEYS */;
UNLOCK TABLES;

--
-- Table structure for table `token`
--

DROP TABLE IF EXISTS `token`;
/*!40101 SET @saved_cs_client     = @@character_set_client */;
/*!50503 SET character_set_client = utf8mb4 */;
CREATE TABLE `token` (
  `id` bigint NOT NULL AUTO_INCREMENT,
  `expired` bit(1) NOT NULL,
  `revoked` bit(1) NOT NULL,
  `token` varchar(255) DEFAULT NULL,
  `tokenType` enum('BEARER') DEFAULT NULL,
  `userId` bigint DEFAULT NULL,
  PRIMARY KEY (`id`),
  UNIQUE KEY `UK3wi2t4g8oiplxjflw3o2lkv2y` (`token`),
  KEY `FKed879fkhgwgjlc8vsaig5fere` (`userId`),
  CONSTRAINT `FKed879fkhgwgjlc8vsaig5fere` FOREIGN KEY (`userId`) REFERENCES `users` (`id`)
) ENGINE=InnoDB AUTO_INCREMENT=75 DEFAULT CHARSET=utf8mb4 COLLATE=utf8mb4_0900_ai_ci;
/*!40101 SET character_set_client = @saved_cs_client */;

--
-- Dumping data for table `token`
--

LOCK TABLES `token` WRITE;
/*!40000 ALTER TABLE `token` DISABLE KEYS */;
INSERT INTO `token` VALUES (1,_binary '',_binary '','eyJhbGciOiJIUzI1NiJ9.eyJzdWIiOiJtb2hhbW1hZEBnbWFpbC5jb20iLCJpYXQiOjE3MjE4OTMwMTcsImV4cCI6MTcyMTk3OTQxN30.quDfgM6eQz7uzicSG1_BZ9cPRf-H59qCX47RFBWQ8Cs','BEARER',1),(2,_binary '',_binary '','eyJhbGciOiJIUzI1NiJ9.eyJzdWIiOiJub29yQGdtYWlsLmNvbSIsImlhdCI6MTcyMTg5NDE4MywiZXhwIjoxNzIxOTgwNTgzfQ.RPbCaPDAdLyXKySOdo9PzTx2L49Rr7PudbmFr1X6Ejc','BEARER',2),(3,_binary '\0',_binary '\0','eyJhbGciOiJIUzI1NiJ9.eyJzdWIiOiJhaG1hZEBnbWFpbC5jb20iLCJpYXQiOjE3MjE4OTQyMDcsImV4cCI6MTcyMTk4MDYwN30.RnG8B2c6oIy5fqbotPWOfbQWCuV329ubR75gJAnPBXM','BEARER',3),(4,_binary '\0',_binary '\0','eyJhbGciOiJIUzI1NiJ9.eyJzdWIiOiJ5b3VzZWZAZ21haWwuY29tIiwiaWF0IjoxNzIxODk0Mzc3LCJleHAiOjE3MjE5ODA3Nzd9.OKcLeztwJ3Ryrnmo4Rhr3u8k0jDECC96Zp9yNoK0RDg','BEARER',4),(5,_binary '',_binary '','eyJhbGciOiJIUzI1NiJ9.eyJzdWIiOiJub29yQGdtYWlsLmNvbSIsImlhdCI6MTcyMTk1MTY2MSwiZXhwIjoxNzIyMDM4MDYxfQ.khokGuYx4M5BwFxAhAEh8AONOUS8ZaW-WvwXpq24CXU','BEARER',2),(6,_binary '',_binary '','eyJhbGciOiJIUzI1NiJ9.eyJzdWIiOiJub29yQGdtYWlsLmNvbSIsImlhdCI6MTcyMTk1MjQ3MiwiZXhwIjoxNzIyMDM4ODcyfQ.JfG6vxVVjDN-phndLm_ZefdgcSz-jhIbIlTLf8xtxhM','BEARER',2),(7,_binary '',_binary '','eyJhbGciOiJIUzI1NiJ9.eyJzdWIiOiJub29yQGdtYWlsLmNvbSIsImlhdCI6MTcyMTk1Mjc5MSwiZXhwIjoxNzIyMDM5MTkxfQ.ns92PuUPPXKpgU9eYizODMe6_YZHdebcAWB4cM3Pz9k','BEARER',2),(8,_binary '',_binary '','eyJhbGciOiJIUzI1NiJ9.eyJzdWIiOiJub29yQGdtYWlsLmNvbSIsImlhdCI6MTcyMTk1Mjg4MywiZXhwIjoxNzIyMDM5MjgzfQ.l_0xbiHE9coBtjoswlulCF-ggmAVP0AZe87zjBvo6Ig','BEARER',2),(9,_binary '',_binary '','eyJhbGciOiJIUzI1NiJ9.eyJzdWIiOiJub29yQGdtYWlsLmNvbSIsImlhdCI6MTcyMTk1MzAwMCwiZXhwIjoxNzIyMDM5NDAwfQ.z0NraeIk9cwfPJ0xfLsxa1hHtuph6mVvOq-hsJL7Z2w','BEARER',2),(10,_binary '',_binary '','eyJhbGciOiJIUzI1NiJ9.eyJzdWIiOiJub29yQGdtYWlsLmNvbSIsImlhdCI6MTcyMTk1MzA0MSwiZXhwIjoxNzIyMDM5NDQxfQ.9zVIRRoR8M35S-rJGwAXvm-o2SsrD932e5lJZc772nE','BEARER',2),(11,_binary '',_binary '','eyJhbGciOiJIUzI1NiJ9.eyJzdWIiOiJub29yQGdtYWlsLmNvbSIsImlhdCI6MTcyMTk1MzE1OCwiZXhwIjoxNzIyMDM5NTU4fQ.5HdJjeEy0We1sBGsftrt1RxDpq8UQ_n0Bys8FJKKtR4','BEARER',2),(12,_binary '',_binary '','eyJhbGciOiJIUzI1NiJ9.eyJzdWIiOiJub29yQGdtYWlsLmNvbSIsImlhdCI6MTcyMTk1MzIwNSwiZXhwIjoxNzIyMDM5NjA1fQ.qEqLoQsWuVTk4NRWfawUGzw2_qiek-16tD1OviJLWbg','BEARER',2),(13,_binary '',_binary '','eyJhbGciOiJIUzI1NiJ9.eyJzdWIiOiJtb2hhbW1hZEBnbWFpbC5jb20iLCJpYXQiOjE3MjE5NTM0NjQsImV4cCI6MTcyMjAzOTg2NH0.cI9RV8HGy0c79KjuGjdwqgwpujfSdy_VJF6Jnj8dQU8','BEARER',1),(14,_binary '',_binary '','eyJhbGciOiJIUzI1NiJ9.eyJzdWIiOiJtb2hhbW1hZEBnbWFpbC5jb20iLCJpYXQiOjE3MjE5NTM3NTcsImV4cCI6MTcyMjA0MDE1N30.FsGI9OgU2cXHRH5xJHwo7ORKYqaUgMUWQHNCI0BpLp4','BEARER',1),(15,_binary '',_binary '','eyJhbGciOiJIUzI1NiJ9.eyJzdWIiOiJtb2hhbW1hZEBnbWFpbC5jb20iLCJpYXQiOjE3MjE5NTM4OTgsImV4cCI6MTcyMjA0MDI5OH0.JrpvYu6oNzY7Wxe8-VfQ-VN5QXUNMspNLu4rX55grpk','BEARER',1),(16,_binary '',_binary '','eyJhbGciOiJIUzI1NiJ9.eyJzdWIiOiJtb2hhbW1hZGFidXRoYWhlcjA2QGdtYWlsLmNvbSIsImlhdCI6MTcyMTk1MzkyMSwiZXhwIjoxNzIyMDQwMzIxfQ.KUOcM4H3b8wp2guVvWlHFUG3UMLzbdkP6PYbcUfHSPg','BEARER',5),(17,_binary '',_binary '','eyJhbGciOiJIUzI1NiJ9.eyJzdWIiOiJtb2hhbW1hZEBnbWFpbC5jb20iLCJpYXQiOjE3MjE5NTQwMTEsImV4cCI6MTcyMjA0MDQxMX0._v011HXDAvgu8IO4BGMn77U9ntt3DgnhaBv5wLWY2H0','BEARER',1),(18,_binary '\0',_binary '\0','eyJhbGciOiJIUzI1NiJ9.eyJzdWIiOiJib3RjaGVyQGdtYWlsLmNvbSIsImlhdCI6MTcyMTk1NDAzOCwiZXhwIjoxNzIyMDQwNDM4fQ.o2XYlZ5TWNUHxEuDgROVPUusiFv66BlgHSDELu1bMZ4','BEARER',6),(19,_binary '',_binary '','eyJhbGciOiJIUzI1NiJ9.eyJzdWIiOiJtb2hhbW1hZGFidXRoYWhlcjA2QGdtYWlsLmNvbSIsImlhdCI6MTcyMTk1NDEzMywiZXhwIjoxNzIyMDQwNTMzfQ.Dy2khTYjk5TaAEknwZJ5w08-1sXys0ttB2dgX1V4ZiE','BEARER',5),(20,_binary '',_binary '','eyJhbGciOiJIUzI1NiJ9.eyJzdWIiOiJhYmVkQGdtYWlsLmNvbSIsImlhdCI6MTcyMjA2OTU3MSwiZXhwIjoxNzIyMTU1OTcxfQ.Ds69RgiUzc8e4FzPQQHybtruf7_ipLi5bnUdZ0e0Hkc','BEARER',7),(21,_binary '',_binary '','eyJhbGciOiJIUzI1NiJ9.eyJzdWIiOiJtb2hhbW1hZEBnbWFpbC5jb20iLCJpYXQiOjE3MjIwNjk2MTksImV4cCI6MTcyMjE1NjAxOX0.2vlbiKJblSyUBIjLr2osQlbk8RdyDUP7g-1YRLKxh5U','BEARER',1),(22,_binary '\0',_binary '\0','eyJhbGciOiJIUzI1NiJ9.eyJzdWIiOiJhYmVkQGdtYWlsLmNvbSIsImlhdCI6MTcyMjA3MTg2MiwiZXhwIjoxNzIyMTU4MjYyfQ.W64ES1v7-yXhlsq7ihU9FXir2e9Ocr_TTfmjFJqi1eE','BEARER',7),(23,_binary '',_binary '','eyJhbGciOiJIUzI1NiJ9.eyJzdWIiOiJtb2hhbW1hZEBnbWFpbC5jb20iLCJpYXQiOjE3MjIwNzIwMDQsImV4cCI6MTcyMjE1ODQwNH0.JjIGrtVyul9Mw_XqbZrldQq8e5re7Y4BdgwXLKI_1zA','BEARER',1),(24,_binary '',_binary '','eyJhbGciOiJIUzI1NiJ9.eyJzdWIiOiJtb2hhbW1hZEBnbWFpbC5jb20iLCJpYXQiOjE3MjIwNzQzNTUsImV4cCI6MTcyMjE2MDc1NX0.2HB4ygpRzx0AoSfcHcQPoaBOaycJZ8R63ez99YlO8MM','BEARER',1),(25,_binary '',_binary '','eyJhbGciOiJIUzI1NiJ9.eyJzdWIiOiJtb2hhbW1hZEBnbWFpbC5jb20iLCJpYXQiOjE3MjIwNzQ0MjYsImV4cCI6MTcyMjE2MDgyNn0.byu8T8W9ukfEcZ7lpXysW7gwXA1aGxw1iM0D1q1ROyY','BEARER',1),(26,_binary '',_binary '','eyJhbGciOiJIUzI1NiJ9.eyJzdWIiOiJtb2hhbW1hZEBnbWFpbC5jb20iLCJpYXQiOjE3MjIwNzQ0ODYsImV4cCI6MTcyMjE2MDg4Nn0.v9pdgeKmfCJjBpjNZXnJBgqmKFqUazcQUMKTgiVPvHE','BEARER',1),(27,_binary '',_binary '','eyJhbGciOiJIUzI1NiJ9.eyJzdWIiOiJtb2hhbW1hZEBnbWFpbC5jb20iLCJpYXQiOjE3MjIwNzQ1MzMsImV4cCI6MTcyMjE2MDkzM30.fmjpCsfLxqAPPjRn65keHCnIqUmawi0yvsIaDhofn-s','BEARER',1),(28,_binary '',_binary '','eyJhbGciOiJIUzI1NiJ9.eyJzdWIiOiJtb2hhbW1hZEBnbWFpbC5jb20iLCJpYXQiOjE3MjIwNzQ2MDIsImV4cCI6MTcyMjE2MTAwMn0.yVhclIbyybaCw-c4OgpjAJjyBYAibiFp9vY8gHR45zA','BEARER',1),(29,_binary '',_binary '','eyJhbGciOiJIUzI1NiJ9.eyJzdWIiOiJtb2hhbW1hZEBnbWFpbC5jb20iLCJpYXQiOjE3MjIwNzQ2NTYsImV4cCI6MTcyMjE2MTA1Nn0.8Ts0Vs6vbc-P1uTqtY_i-wNvZHBQE6wNYwsbex-hwB8','BEARER',1),(30,_binary '\0',_binary '\0','eyJhbGciOiJIUzI1NiJ9.eyJzdWIiOiJ0ZXN0QGdtYWlsLmNvbSIsImlhdCI6MTcyMjE1MjEyOCwiZXhwIjoxNzIyMjM4NTI4fQ.x0i4Nrbr1tYWVrAQ3DsZV-VWj93IjJGQqT7H3Tr1A_A','BEARER',41),(31,_binary '\0',_binary '\0','eyJhbGciOiJIUzI1NiJ9.eyJzdWIiOiJkb2N0b3I4QGV4YW1wbGUuY29tIiwiaWF0IjoxNzIyMTUyMzEwLCJleHAiOjE3MjIyMzg3MTB9.FzEGwITlcWgp04YhIJXz3lFmaWV1c4N1e14FzOkhk6o','BEARER',42),(32,_binary '\0',_binary '\0','eyJhbGciOiJIUzI1NiJ9.eyJzdWIiOiJkb2N0b3I5QGV4YW1wbGUuY29tIiwiaWF0IjoxNzIyMTUyMzM1LCJleHAiOjE3MjIyMzg3MzV9.NF6ZPYGTSROZt8-r2W9AVDVRjqQPUht11TebHh0QixI','BEARER',43),(33,_binary '\0',_binary '\0','eyJhbGciOiJIUzI1NiJ9.eyJzdWIiOiJkb2N0b3IxMEBleGFtcGxlLmNvbSIsImlhdCI6MTcyMjE1MjM1NiwiZXhwIjoxNzIyMjM4NzU2fQ.K-quFmf2kVuFkaiuyNfWlBRsD0Cj6r0NRE-zmmFzE38','BEARER',44),(34,_binary '\0',_binary '\0','eyJhbGciOiJIUzI1NiJ9.eyJzdWIiOiJkb2N0b3IxMUBleGFtcGxlLmNvbSIsImlhdCI6MTcyMjE1MjM4MiwiZXhwIjoxNzIyMjM4NzgyfQ.n6gW7y0GfTnz0JyRkEC65R3u7IRAbw35suSkhB95V8s','BEARER',45),(35,_binary '\0',_binary '\0','eyJhbGciOiJIUzI1NiJ9.eyJzdWIiOiJkb2N0b3IxMkBleGFtcGxlLmNvbSIsImlhdCI6MTcyMjE1MjQxMCwiZXhwIjoxNzIyMjM4ODEwfQ.ThZLFwSAJo2ZYjnvRgm__Hg7OaAdJ1a-NM96QJQ1xJk','BEARER',46),(36,_binary '\0',_binary '\0','eyJhbGciOiJIUzI1NiJ9.eyJzdWIiOiJkb2N0b3IxM0BleGFtcGxlLmNvbSIsImlhdCI6MTcyMjE1MjQzNCwiZXhwIjoxNzIyMjM4ODM0fQ.RY9lDY3663P8ntYX3pyH4ZMbrvbOuG0-M2fWwhq9qTc','BEARER',47),(37,_binary '\0',_binary '\0','eyJhbGciOiJIUzI1NiJ9.eyJzdWIiOiJkb2N0b3IxNEBleGFtcGxlLmNvbSIsImlhdCI6MTcyMjE1MjcyOSwiZXhwIjoxNzIyMjM5MTI5fQ.dfnZk-L6sdnBAPc-C0NYTcOX7Fp9fHvUgQoSCntungo','BEARER',48),(38,_binary '\0',_binary '\0','eyJhbGciOiJIUzI1NiJ9.eyJzdWIiOiJkb2N0b3IxNUBleGFtcGxlLmNvbSIsImlhdCI6MTcyMjE1Mjc0MSwiZXhwIjoxNzIyMjM5MTQxfQ.7pTwpf8VpbEvDZCMVg6cugDWygTEl3eznKBd4pLjZSs','BEARER',49),(39,_binary '\0',_binary '\0','eyJhbGciOiJIUzI1NiJ9.eyJzdWIiOiJkb2N0b3IxNkBleGFtcGxlLmNvbSIsImlhdCI6MTcyMjE1Mjc1MSwiZXhwIjoxNzIyMjM5MTUxfQ.Ecg1EKij6qJd9RIwNy2ZcoUZAVyV_fg8KWbfo_ZmtDE','BEARER',50),(40,_binary '\0',_binary '\0','eyJhbGciOiJIUzI1NiJ9.eyJzdWIiOiJkb2N0b3IxN0BleGFtcGxlLmNvbSIsImlhdCI6MTcyMjE1Mjc2NywiZXhwIjoxNzIyMjM5MTY3fQ.dZoU4x8yMKQXUywRLIprpm7mqorvkuMOY2py-OzHT9c','BEARER',51),(41,_binary '\0',_binary '\0','eyJhbGciOiJIUzI1NiJ9.eyJzdWIiOiJkb2N0b3IxOEBleGFtcGxlLmNvbSIsImlhdCI6MTcyMjE1Mjc4MCwiZXhwIjoxNzIyMjM5MTgwfQ.9TLfoCkj5ApIf2nkP_4ZEtPXYJnyJpHy5W7FLIge6Io','BEARER',52),(42,_binary '\0',_binary '\0','eyJhbGciOiJIUzI1NiJ9.eyJzdWIiOiJkb2N0b3IxOUBleGFtcGxlLmNvbSIsImlhdCI6MTcyMjE1Mjc5MSwiZXhwIjoxNzIyMjM5MTkxfQ.eToodPn7S_QZxdGj2aX1O7f9hYC5P4XyH_lPl7PNukE','BEARER',53),(43,_binary '\0',_binary '\0','eyJhbGciOiJIUzI1NiJ9.eyJzdWIiOiJkb2N0b3IyMEBleGFtcGxlLmNvbSIsImlhdCI6MTcyMjE1MjgwMiwiZXhwIjoxNzIyMjM5MjAyfQ.UWgCJXQgY6CN9WLzQ1ix4VQL3gTABbXa_88s_MDsXUQ','BEARER',54),(44,_binary '\0',_binary '\0','eyJhbGciOiJIUzI1NiJ9.eyJzdWIiOiJkb2N0b3IyMUBleGFtcGxlLmNvbSIsImlhdCI6MTcyMjE1MjgxMywiZXhwIjoxNzIyMjM5MjEzfQ.n1nmSYoQ1qdbwAMV8Otlr8biazE9jffbOIY7vHcBJ9s','BEARER',55),(45,_binary '\0',_binary '\0','eyJhbGciOiJIUzI1NiJ9.eyJzdWIiOiJkb2N0b3IyMkBleGFtcGxlLmNvbSIsImlhdCI6MTcyMjE1MjgyMywiZXhwIjoxNzIyMjM5MjIzfQ.vKPWpc2aXCRavfVjhIBnZmSG2U79Sc3p4eQfUvLRxzw','BEARER',56),(46,_binary '\0',_binary '\0','eyJhbGciOiJIUzI1NiJ9.eyJzdWIiOiJkb2N0b3IyM0BleGFtcGxlLmNvbSIsImlhdCI6MTcyMjE1MjgzNywiZXhwIjoxNzIyMjM5MjM3fQ.Sm6GzHHnonTchi6GPaNJYOX8JdjkwFNhTYpsFRdx-f0','BEARER',57),(47,_binary '\0',_binary '\0','eyJhbGciOiJIUzI1NiJ9.eyJzdWIiOiJkb2N0b3IyNEBleGFtcGxlLmNvbSIsImlhdCI6MTcyMjE1Mjg3NSwiZXhwIjoxNzIyMjM5Mjc1fQ.XpLDx7S6-i5T1IOZyNGQgvHk8lUq8qX5-IM1bqPx0gs','BEARER',58),(48,_binary '\0',_binary '\0','eyJhbGciOiJIUzI1NiJ9.eyJzdWIiOiJkb2N0b3IyNUBleGFtcGxlLmNvbSIsImlhdCI6MTcyMjE1Mjg4NywiZXhwIjoxNzIyMjM5Mjg3fQ.u75CDNNHaMwFUL-yB9GWHuD2G28Mxd-Tjm1NdgzKy1g','BEARER',59),(49,_binary '\0',_binary '\0','eyJhbGciOiJIUzI1NiJ9.eyJzdWIiOiJkb2N0b3IyNkBleGFtcGxlLmNvbSIsImlhdCI6MTcyMjE1Mjg5NywiZXhwIjoxNzIyMjM5Mjk3fQ.itoIwmVvdEt_-QDDNa9PiShkH3waGlA3zcfqT56mfNo','BEARER',60),(50,_binary '\0',_binary '\0','eyJhbGciOiJIUzI1NiJ9.eyJzdWIiOiJkb2N0b3IyN0BleGFtcGxlLmNvbSIsImlhdCI6MTcyMjE1MjkxMSwiZXhwIjoxNzIyMjM5MzExfQ.b5qtlks9rEeS6HQdOUUhVSxoYB-MWIXU1KxD4ojEUGY','BEARER',61),(51,_binary '\0',_binary '\0','eyJhbGciOiJIUzI1NiJ9.eyJzdWIiOiJkb2N0b3IyOEBleGFtcGxlLmNvbSIsImlhdCI6MTcyMjE1MjkyMCwiZXhwIjoxNzIyMjM5MzIwfQ.APOZHxoFhWfsTE9MRak08qiLzIHyTMQr05jh9ZSVOjg','BEARER',62),(52,_binary '\0',_binary '\0','eyJhbGciOiJIUzI1NiJ9.eyJzdWIiOiJkb2N0b3IyOUBleGFtcGxlLmNvbSIsImlhdCI6MTcyMjE1MjkyOCwiZXhwIjoxNzIyMjM5MzI4fQ.q06hxWQ97MtV7i-DajpwznkgL6Hc918GTpwtyGmpcF0','BEARER',63),(53,_binary '\0',_binary '\0','eyJhbGciOiJIUzI1NiJ9.eyJzdWIiOiJkb2N0b3IzMEBleGFtcGxlLmNvbSIsImlhdCI6MTcyMjE1MjkzOCwiZXhwIjoxNzIyMjM5MzM4fQ.tmp5JOT9IotFkcrwV8W78YZL5zblZQx1YZPjgC4hZRY','BEARER',64),(54,_binary '\0',_binary '\0','eyJhbGciOiJIUzI1NiJ9.eyJzdWIiOiJkb2N0b3IzMUBleGFtcGxlLmNvbSIsImlhdCI6MTcyMjE1Mjk0OCwiZXhwIjoxNzIyMjM5MzQ4fQ.FEnGxVHMNsWmFiajxrHgosQlPSnkIaSlaXTntNoqB9I','BEARER',65),(55,_binary '\0',_binary '\0','eyJhbGciOiJIUzI1NiJ9.eyJzdWIiOiJkb2N0b3IzMkBleGFtcGxlLmNvbSIsImlhdCI6MTcyMjE1Mjk1NywiZXhwIjoxNzIyMjM5MzU3fQ.65ccoq6L6LOs5VB3tKVxNsbYmDyFyhAtI_igcAANZS4','BEARER',66),(56,_binary '\0',_binary '\0','eyJhbGciOiJIUzI1NiJ9.eyJzdWIiOiJkb2N0b3IzM0BleGFtcGxlLmNvbSIsImlhdCI6MTcyMjE1Mjk2OCwiZXhwIjoxNzIyMjM5MzY4fQ.0J_3v-Ie9nTpjfQASHFVGpABfMFblQjpXcZg_UE_wEg','BEARER',67),(57,_binary '\0',_binary '\0','eyJhbGciOiJIUzI1NiJ9.eyJzdWIiOiJkb2N0b3IzNEBleGFtcGxlLmNvbSIsImlhdCI6MTcyMjE1Mjk3OSwiZXhwIjoxNzIyMjM5Mzc5fQ.OS6ZBeHvIrhwhyd49q35Y8b963F1LBP6Atrt6cAiMNo','BEARER',68),(58,_binary '\0',_binary '\0','eyJhbGciOiJIUzI1NiJ9.eyJzdWIiOiJkb2N0b3IzNUBleGFtcGxlLmNvbSIsImlhdCI6MTcyMjE1Mjk5MCwiZXhwIjoxNzIyMjM5MzkwfQ.-gl9AUtvzFIz1d4pJnBOAGJg3CQMua3pSGefZB81bfE','BEARER',69),(59,_binary '\0',_binary '\0','eyJhbGciOiJIUzI1NiJ9.eyJzdWIiOiJkb2N0b3IzNkBleGFtcGxlLmNvbSIsImlhdCI6MTcyMjE1MzAwMCwiZXhwIjoxNzIyMjM5NDAwfQ.UT82QTwtZZaSlZ6dibIkPiHM9K6XVhJYlAMfaR7vIkA','BEARER',70),(60,_binary '\0',_binary '\0','eyJhbGciOiJIUzI1NiJ9.eyJzdWIiOiJkb2N0b3IzN0BleGFtcGxlLmNvbSIsImlhdCI6MTcyMjE1MzAwOSwiZXhwIjoxNzIyMjM5NDA5fQ.sm0cu-Cu_P3NfDVdEnJ9h_pE0imqSrzuTb4YEWOj9OA','BEARER',71),(61,_binary '\0',_binary '\0','eyJhbGciOiJIUzI1NiJ9.eyJzdWIiOiJkb2N0b3IzOEBleGFtcGxlLmNvbSIsImlhdCI6MTcyMjE1MzAyMSwiZXhwIjoxNzIyMjM5NDIxfQ.F0T2YXkQfZQk8-jlStW76QTfW7vXRW5LqN3ibU7FJvk','BEARER',72),(62,_binary '\0',_binary '\0','eyJhbGciOiJIUzI1NiJ9.eyJzdWIiOiJkb2N0b3IzOUBleGFtcGxlLmNvbSIsImlhdCI6MTcyMjE1MzAzMCwiZXhwIjoxNzIyMjM5NDMwfQ.7LLz7kG1g7Wn2nEgmgRkgUvR75tPB7nmDiOHLB4YzEo','BEARER',73),(63,_binary '\0',_binary '\0','eyJhbGciOiJIUzI1NiJ9.eyJzdWIiOiJkb2N0b3I0MEBleGFtcGxlLmNvbSIsImlhdCI6MTcyMjE1MzA2OSwiZXhwIjoxNzIyMjM5NDY5fQ.bD9NzmsZ5wYxCuogLCGPkYrsshDB8EIy-4_XGGmXY5w','BEARER',74),(64,_binary '\0',_binary '\0','eyJhbGciOiJIUzI1NiJ9.eyJzdWIiOiJkb2N0b3I0MUBleGFtcGxlLmNvbSIsImlhdCI6MTcyMjE1MzA4MSwiZXhwIjoxNzIyMjM5NDgxfQ.XmM9H4oFnvjpvpmyaB2Sz3t8vCSgMP38qAjvtf1paoo','BEARER',75),(65,_binary '\0',_binary '\0','eyJhbGciOiJIUzI1NiJ9.eyJzdWIiOiJkb2N0b3I0MkBleGFtcGxlLmNvbSIsImlhdCI6MTcyMjE1MzA5MCwiZXhwIjoxNzIyMjM5NDkwfQ.RIKe-pZ6YN66iH0QuhMiKI0fCydy8RpC4H82yUFBmPY','BEARER',76),(66,_binary '',_binary '','eyJhbGciOiJIUzI1NiJ9.eyJzdWIiOiJtb2hhbW1hZEBnbWFpbC5jb20iLCJpYXQiOjE3MjIxNjI1NDQsImV4cCI6MTcyMjI0ODk0NH0.DPklaXywZGrwS-YJ5KocoKR3IKCkd409Me5DpDR0kPs','BEARER',1),(67,_binary '\0',_binary '\0','eyJhbGciOiJIUzI1NiJ9.eyJzdWIiOiJqb2huLmRvZUBleGFtcGxlLmNvbSIsImlhdCI6MTcyMjE2OTQxMCwiZXhwIjoxNzIyMjU1ODEwfQ.nechB_5fVVVIXwLXxRx2zlRw32U6qVQI0l2KXwH2_qo','BEARER',78),(68,_binary '',_binary '','eyJhbGciOiJIUzI1NiJ9.eyJzdWIiOiJtb2hhbW1hZEBnbWFpbC5jb20iLCJpYXQiOjE3MjIyNDkxNDgsImV4cCI6MTcyMjMzNTU0OH0.3L2OJ-F8kQQQjdGI7lh1NMWaHn8-zdw7snRqJGqriz4','BEARER',1),(69,_binary '',_binary '','eyJhbGciOiJIUzI1NiJ9.eyJzdWIiOiJtb2hhbW1hZEBnbWFpbC5jb20iLCJpYXQiOjE3MjIzMjA1OTUsImV4cCI6MTcyMjQwNjk5NX0.MmjLkgqvnV17iZ7Ub9q4chTOjC2I3GzUDMDDP0s3D3A','BEARER',1),(70,_binary '',_binary '','eyJhbGciOiJIUzI1NiJ9.eyJzdWIiOiJtb2hhbW1hZEBnbWFpbC5jb20iLCJpYXQiOjE3MjI0MDg5MzAsImV4cCI6MTcyMjQ5NTMzMH0.U_lV9lPEMNuRd5WKam-7HKxt14Uj1AX3PTwgQnj1aAs','BEARER',1),(71,_binary '',_binary '','eyJhbGciOiJIUzI1NiJ9.eyJzdWIiOiJtb2hhbW1hZGFidXRoYWhlcjA2QGdtYWlsLmNvbSIsImlhdCI6MTcyMjQyNzAzNCwiZXhwIjoxNzIyNTEzNDM0fQ.HqMYzoCwMASU5WCHDOkdwHr2nfCYBzl6qZcc0qvlu6E','BEARER',5),(72,_binary '\0',_binary '\0','eyJhbGciOiJIUzI1NiJ9.eyJzdWIiOiJtb2hhbW1hZGFidXRoYWhlcjA2QGdtYWlsLmNvbSIsImlhdCI6MTcyMjQzMTAwNSwiZXhwIjoxNzIyNTE3NDA1fQ.n3m-PuVeKvGD7a7ynoCoaaBGdRqSXGy-FnHNLUBM5XA','BEARER',5),(73,_binary '\0',_binary '\0','eyJhbGciOiJIUzI1NiJ9.eyJzdWIiOiJtb2hhbW1hZGFidXRoYWhlcjA2QGdtYWlsLmNvbSIsImlhdCI6MTcyMjQzMjY2MCwiZXhwIjoxNzIyNTE5MDYwfQ.TXkZBVa6fTq542KVrVlaxSUvzn5QTfggyPGwUTUagII','BEARER',5),(74,_binary '\0',_binary '\0','eyJhbGciOiJIUzI1NiJ9.eyJzdWIiOiJtb2hhbW1hZEBnbWFpbC5jb20iLCJpYXQiOjE3MjI0OTk4OTMsImV4cCI6MTcyMjU4NjI5M30.q0m2Hsu-nWiaZaL9uxkO67nGv2JYsXcK-pNxCJfoGIM','BEARER',1);
/*!40000 ALTER TABLE `token` ENABLE KEYS */;
UNLOCK TABLES;

--
-- Table structure for table `token_seq`
--

DROP TABLE IF EXISTS `token_seq`;
/*!40101 SET @saved_cs_client     = @@character_set_client */;
/*!50503 SET character_set_client = utf8mb4 */;
CREATE TABLE `token_seq` (
  `next_val` bigint DEFAULT NULL
) ENGINE=InnoDB DEFAULT CHARSET=utf8mb4 COLLATE=utf8mb4_0900_ai_ci;
/*!40101 SET character_set_client = @saved_cs_client */;

--
-- Dumping data for table `token_seq`
--

LOCK TABLES `token_seq` WRITE;
/*!40000 ALTER TABLE `token_seq` DISABLE KEYS */;
INSERT INTO `token_seq` VALUES (1),(101);
/*!40000 ALTER TABLE `token_seq` ENABLE KEYS */;
UNLOCK TABLES;

--
-- Table structure for table `treatmens_deleted`
--

DROP TABLE IF EXISTS `treatmens_deleted`;
/*!40101 SET @saved_cs_client     = @@character_set_client */;
/*!50503 SET character_set_client = utf8mb4 */;
CREATE TABLE `treatmens_deleted` (
  `id` bigint NOT NULL AUTO_INCREMENT,
  `diseaseDescription` varchar(255) NOT NULL,
  `note` text,
  `treatmentDate` datetime(6) DEFAULT NULL,
  `treatmentDeletedId` bigint DEFAULT NULL,
  `doctorId` bigint NOT NULL,
  PRIMARY KEY (`id`),
  KEY `FKmgbdyc847a1uwlnwodwqytxlb` (`doctorId`),
  CONSTRAINT `FKmgbdyc847a1uwlnwodwqytxlb` FOREIGN KEY (`doctorId`) REFERENCES `doctors` (`id`)
) ENGINE=InnoDB DEFAULT CHARSET=utf8mb4 COLLATE=utf8mb4_0900_ai_ci;
/*!40101 SET character_set_client = @saved_cs_client */;

--
-- Dumping data for table `treatmens_deleted`
--

LOCK TABLES `treatmens_deleted` WRITE;
/*!40000 ALTER TABLE `treatmens_deleted` DISABLE KEYS */;
/*!40000 ALTER TABLE `treatmens_deleted` ENABLE KEYS */;
UNLOCK TABLES;

--
-- Table structure for table `treatments`
--

DROP TABLE IF EXISTS `treatments`;
/*!40101 SET @saved_cs_client     = @@character_set_client */;
/*!50503 SET character_set_client = utf8mb4 */;
CREATE TABLE `treatments` (
  `id` bigint NOT NULL AUTO_INCREMENT,
  `diseaseDescription` varchar(255) NOT NULL,
  `note` text,
  `treatmentDate` datetime(6) DEFAULT NULL,
  `doctorId` bigint NOT NULL,
  `patientId` bigint DEFAULT NULL,
  PRIMARY KEY (`id`),
  KEY `FKnv6j25drj2va9qua5uf5fxcfs` (`doctorId`),
  KEY `FKe8facmc8tfqvnndtbprjhvpdh` (`patientId`),
  CONSTRAINT `FKe8facmc8tfqvnndtbprjhvpdh` FOREIGN KEY (`patientId`) REFERENCES `patients` (`id`),
  CONSTRAINT `FKnv6j25drj2va9qua5uf5fxcfs` FOREIGN KEY (`doctorId`) REFERENCES `doctors` (`id`)
) ENGINE=InnoDB AUTO_INCREMENT=208 DEFAULT CHARSET=utf8mb4 COLLATE=utf8mb4_0900_ai_ci;
/*!40101 SET character_set_client = @saved_cs_client */;

--
-- Dumping data for table `treatments`
--

LOCK TABLES `treatments` WRITE;
/*!40000 ALTER TABLE `treatments` DISABLE KEYS */;
INSERT INTO `treatments` VALUES (1,'has an issue with his stomec','any thing','2024-07-25 11:07:00.586000',1,1),(2,'has an issue with his stomec2','any thing','2024-07-25 11:07:25.809000',1,1),(3,'Treatment 3','any thing','2024-07-25 11:07:41.602000',1,1),(4,'Treatment 1','any thing','2024-07-25 11:07:48.473000',1,2),(5,'Treatment 2','any thing','2024-07-25 11:07:51.894000',1,2),(6,'Treatment 3','any thing','2024-07-25 11:07:55.906000',1,2),(7,'Treatment 4','any thing','2024-07-25 11:08:00.866000',1,2),(8,'Disease A','Note A','2023-01-10 23:00:00.000000',1,53),(9,'Disease B','Note B','2023-01-11 22:00:00.000000',2,54),(10,'Disease C','Note C','2023-01-12 21:00:00.000000',3,55),(11,'Disease D','Note D','2023-01-13 20:00:00.000000',4,56),(12,'Disease E','Note E','2023-01-14 19:00:00.000000',5,57),(13,'Disease F','Note F','2023-01-15 18:00:00.000000',6,58),(14,'Disease G','Note G','2023-01-16 17:00:00.000000',7,59),(15,'Disease H','Note H','2023-01-17 16:00:00.000000',8,60),(16,'Disease I','Note I','2023-01-18 15:00:00.000000',9,61),(17,'Disease J','Note J','2023-01-19 14:00:00.000000',10,62),(18,'Disease K','Note K','2023-01-20 13:00:00.000000',11,63),(19,'Disease L','Note L','2023-01-21 12:00:00.000000',12,64),(20,'Disease M','Note M','2023-01-22 11:00:00.000000',13,65),(21,'Disease N','Note N','2023-01-23 10:00:00.000000',14,66),(22,'Disease O','Note O','2023-01-24 09:00:00.000000',15,67),(23,'Disease P','Note P','2023-01-25 08:00:00.000000',16,68),(24,'Disease Q','Note Q','2023-01-26 07:00:00.000000',17,69),(25,'Disease R','Note R','2023-01-27 06:00:00.000000',18,70),(26,'Disease S','Note S','2023-01-28 05:00:00.000000',19,71),(27,'Disease T','Note T','2023-01-29 04:00:00.000000',20,72),(28,'Disease U','Note U','2023-01-30 03:00:00.000000',21,73),(29,'Disease V','Note V','2023-01-31 02:00:00.000000',22,74),(30,'Disease W','Note W','2023-02-01 01:00:00.000000',23,75),(31,'Disease X','Note X','2023-02-02 00:00:00.000000',24,76),(32,'Disease Y','Note Y','2023-02-03 23:00:00.000000',25,77),(33,'Disease Z','Note Z','2023-02-04 22:00:00.000000',26,78),(34,'Disease AA','Note AA','2023-02-05 21:00:00.000000',27,79),(35,'Disease BB','Note BB','2023-02-06 20:00:00.000000',28,80),(36,'Disease CC','Note CC','2023-02-07 19:00:00.000000',29,81),(37,'Disease DD','Note DD','2023-02-08 18:00:00.000000',30,82),(38,'Disease EE','Note EE','2023-02-09 17:00:00.000000',31,83),(39,'Disease FF','Note FF','2023-02-10 16:00:00.000000',32,84),(40,'Disease GG','Note GG','2023-02-11 15:00:00.000000',33,85),(41,'Disease HH','Note HH','2023-02-12 14:00:00.000000',34,86),(42,'Disease II','Note II','2023-02-13 13:00:00.000000',35,87),(43,'Disease JJ','Note JJ','2023-02-14 12:00:00.000000',36,88),(44,'Disease KK','Note KK','2023-02-15 11:00:00.000000',37,89),(45,'Disease LL','Note LL','2023-02-16 10:00:00.000000',1,90),(46,'Disease MM','Note MM','2023-02-17 09:00:00.000000',2,91),(47,'Disease NN','Note NN','2023-02-18 08:00:00.000000',3,92),(48,'Disease OO','Note OO','2023-02-19 07:00:00.000000',4,93),(49,'Disease PP','Note PP','2023-02-20 06:00:00.000000',5,94),(50,'Disease QQ','Note QQ','2023-02-21 05:00:00.000000',6,95),(51,'Disease RR','Note RR','2023-02-22 04:00:00.000000',7,96),(52,'Disease SS','Note SS','2023-02-23 03:00:00.000000',8,97),(53,'Disease TT','Note TT','2023-02-24 02:00:00.000000',9,98),(54,'Disease UU','Note UU','2023-02-25 01:00:00.000000',10,99),(55,'Disease VV','Note VV','2023-02-26 00:00:00.000000',11,100),(56,'Disease WW','Note WW','2023-02-27 23:00:00.000000',12,101),(57,'Disease XX','Note XX','2023-02-28 22:00:00.000000',13,102),(58,'Disease YY','Note YY','2023-03-01 21:00:00.000000',14,53),(59,'Disease ZZ','Note ZZ','2023-03-02 20:00:00.000000',15,54),(60,'Disease AAA','Note AAA','2023-03-03 19:00:00.000000',16,55),(61,'Disease BBB','Note BBB','2023-03-04 18:00:00.000000',17,56),(62,'Disease CCC','Note CCC','2023-03-05 17:00:00.000000',18,57),(63,'Disease DDD','Note DDD','2023-03-06 16:00:00.000000',19,58),(64,'Disease EEE','Note EEE','2023-03-07 15:00:00.000000',20,59),(65,'Disease FFF','Note FFF','2023-03-08 14:00:00.000000',21,60),(66,'Disease GGG','Note GGG','2023-03-09 13:00:00.000000',22,61),(67,'Disease HHH','Note HHH','2023-03-10 12:00:00.000000',23,62),(68,'Disease III','Note III','2023-03-11 11:00:00.000000',24,63),(69,'Disease JJJ','Note JJJ','2023-03-12 10:00:00.000000',25,64),(70,'Disease KKK','Note KKK','2023-03-13 09:00:00.000000',26,65),(71,'Disease LLL','Note LLL','2023-03-14 08:00:00.000000',27,66),(72,'Disease MMM','Note MMM','2023-03-15 07:00:00.000000',28,67),(73,'Disease NNN','Note NNN','2023-03-16 06:00:00.000000',29,68),(74,'Disease OOO','Note OOO','2023-03-17 05:00:00.000000',30,69),(75,'Disease PPP','Note PPP','2023-03-18 04:00:00.000000',31,70),(76,'Disease QQQ','Note QQQ','2023-03-19 03:00:00.000000',32,71),(77,'Disease RRR','Note RRR','2023-03-20 02:00:00.000000',33,72),(78,'Disease SSS','Note SSS','2023-03-21 01:00:00.000000',34,73),(79,'Disease TTT','Note TTT','2023-03-22 00:00:00.000000',35,74),(80,'Disease UUU','Note UUU','2023-03-23 23:00:00.000000',36,75),(81,'Disease VVV','Note VVV','2023-03-24 22:00:00.000000',37,76),(82,'Disease WWW','Note WWW','2023-03-25 21:00:00.000000',1,77),(83,'Disease XXX','Note XXX','2023-03-26 20:00:00.000000',2,78),(84,'Disease YYY','Note YYY','2023-03-27 19:00:00.000000',3,79),(85,'Disease ZZZ','Note ZZZ','2023-03-28 18:00:00.000000',4,80),(86,'Disease AAAA','Note AAAA','2023-03-29 17:00:00.000000',5,81),(87,'Disease BBBB','Note BBBB','2023-03-30 16:00:00.000000',6,82),(88,'Disease CCCC','Note CCCC','2023-03-31 15:00:00.000000',7,83),(89,'Disease DDDD','Note DDDD','2023-04-01 14:00:00.000000',8,84),(90,'Disease EEEE','Note EEEE','2023-04-02 13:00:00.000000',9,85),(91,'Disease FFFF','Note FFFF','2023-04-03 12:00:00.000000',10,86),(92,'Disease GGGG','Note GGGG','2023-04-04 11:00:00.000000',11,87),(93,'Disease HHHH','Note HHHH','2023-04-05 10:00:00.000000',12,88),(94,'Disease IIII','Note IIII','2023-04-06 09:00:00.000000',13,89),(95,'Disease JJJJ','Note JJJJ','2023-04-07 08:00:00.000000',14,90),(96,'Disease KKKK','Note KKKK','2023-04-08 07:00:00.000000',15,91),(97,'Disease LLLL','Note LLLL','2023-04-09 06:00:00.000000',16,92),(98,'Disease MMMM','Note MMMM','2023-04-10 05:00:00.000000',17,93),(99,'Disease NNNN','Note NNNN','2023-04-11 04:00:00.000000',18,94),(100,'Disease OOOO','Note OOOO','2023-04-12 03:00:00.000000',19,95),(101,'Disease PPPP','Note PPPP','2023-04-13 02:00:00.000000',20,96),(102,'Disease QQQQ','Note QQQQ','2023-04-14 01:00:00.000000',21,97),(103,'Disease RRRR','Note RRRR','2023-04-15 00:00:00.000000',22,98),(104,'Disease SSSS','Note SSSS','2023-04-16 23:00:00.000000',23,99),(105,'Disease TTTT','Note TTTT','2023-04-17 22:00:00.000000',24,100),(106,'Disease UUUU','Note UUUU','2023-04-18 21:00:00.000000',25,101),(107,'Disease VVVV','Note VVVV','2023-04-19 20:00:00.000000',26,102),(108,'Disease WWWW','Note WWWW','2023-04-20 19:00:00.000000',27,53),(109,'Disease XXXX','Note XXXX','2023-04-21 18:00:00.000000',28,54),(110,'Disease YYYY','Note YYYY','2023-04-22 17:00:00.000000',29,55),(111,'Disease ZZZZ','Note ZZZZ','2023-04-23 16:00:00.000000',30,56),(112,'Disease AAAAA','Note AAAAA','2023-04-24 15:00:00.000000',31,57),(113,'Disease BBBBB','Note BBBBB','2023-04-25 14:00:00.000000',32,58),(114,'Disease CCCCC','Note CCCCC','2023-04-26 13:00:00.000000',33,59),(115,'Disease DDDDD','Note DDDDD','2023-04-27 12:00:00.000000',34,60),(116,'Disease EEEEE','Note EEEEE','2023-04-28 11:00:00.000000',35,61),(117,'Disease FFFFF','Note FFFFF','2023-04-29 10:00:00.000000',36,62),(118,'Disease GGGGG','Note GGGGG','2023-04-30 09:00:00.000000',37,63),(119,'Disease HHHHH','Note HHHHH','2023-05-01 08:00:00.000000',1,64),(120,'Disease IIIII','Note IIIII','2023-05-02 07:00:00.000000',2,65),(121,'Disease JJJJJ','Note JJJJJ','2023-05-03 06:00:00.000000',3,66),(122,'Disease KKKKK','Note KKKKK','2023-05-04 05:00:00.000000',4,67),(123,'Disease LLLLL','Note LLLLL','2023-05-05 04:00:00.000000',5,68),(124,'Disease MMMMM','Note MMMMM','2023-05-06 03:00:00.000000',6,69),(125,'Disease NNNNN','Note NNNNN','2023-05-07 02:00:00.000000',7,70),(126,'Disease OOOOO','Note OOOOO','2023-05-08 01:00:00.000000',8,71),(127,'Disease PPPPP','Note PPPPP','2023-05-09 00:00:00.000000',9,72),(128,'Disease QQQQQ','Note QQQQQ','2023-05-10 23:00:00.000000',10,73),(129,'Disease RRRRR','Note RRRRR','2023-05-11 22:00:00.000000',11,74),(130,'Disease SSSSS','Note SSSSS','2023-05-12 21:00:00.000000',12,75),(131,'Disease TTTTT','Note TTTTT','2023-05-13 20:00:00.000000',13,76),(132,'Disease UUUUU','Note UUUUU','2023-05-14 19:00:00.000000',14,77),(133,'Disease VVVVV','Note VVVVV','2023-05-15 18:00:00.000000',15,78),(134,'Disease WWWWW','Note WWWWW','2023-05-16 17:00:00.000000',16,79),(135,'Disease XXXXX','Note XXXXX','2023-05-17 16:00:00.000000',17,80),(136,'Disease YYYYY','Note YYYYY','2023-05-18 15:00:00.000000',18,81),(137,'Disease ZZZZZ','Note ZZZZZ','2023-05-19 14:00:00.000000',19,82),(138,'Disease AAAAAA','Note AAAAAA','2023-05-20 13:00:00.000000',20,83),(139,'Disease BBBBBB','Note BBBBBB','2023-05-21 12:00:00.000000',21,84),(140,'Disease CCCCCC','Note CCCCCC','2023-05-22 11:00:00.000000',22,85),(141,'Disease DDDDDD','Note DDDDDD','2023-05-23 10:00:00.000000',23,86),(142,'Disease EEEEEE','Note EEEEEE','2023-05-24 09:00:00.000000',24,87),(143,'Disease FFFFFF','Note FFFFFF','2023-05-25 08:00:00.000000',25,88),(144,'Disease GGGGGG','Note GGGGGG','2023-05-26 07:00:00.000000',26,89),(145,'Disease HHHHHH','Note HHHHHH','2023-05-27 06:00:00.000000',27,90),(146,'Disease IIIIII','Note IIIIII','2023-05-28 05:00:00.000000',28,91),(147,'Disease JJJJJJ','Note JJJJJJ','2023-05-29 04:00:00.000000',29,92),(148,'Disease KKKKKK','Note KKKKKK','2023-05-30 03:00:00.000000',30,93),(149,'Disease LLLLLL','Note LLLLLL','2023-05-31 02:00:00.000000',31,94),(150,'Disease MMMMMM','Note MMMMMM','2023-06-01 01:00:00.000000',32,95),(151,'Disease NNNNNN','Note NNNNNN','2023-06-02 00:00:00.000000',33,96),(152,'Disease OOOOOO','Note OOOOOO','2023-06-03 23:00:00.000000',34,97),(153,'Disease PPPPPP','Note PPPPPP','2023-06-04 22:00:00.000000',35,98),(154,'Disease QQQQQQ','Note QQQQQQ','2023-06-05 21:00:00.000000',36,99),(155,'Disease RRRRRR','Note RRRRRR','2023-06-06 20:00:00.000000',37,100),(156,'Disease SSSSSS','Note SSSSSS','2023-06-07 19:00:00.000000',1,101),(157,'Disease TTTTTT','Note TTTTTT','2023-06-08 18:00:00.000000',2,102),(158,'Disease UUUUUU','Note UUUUUU','2023-06-09 17:00:00.000000',3,53),(159,'Disease VVVVVV','Note VVVVVV','2023-06-10 16:00:00.000000',4,54),(160,'Disease WWWWWW','Note WWWWWW','2023-06-11 15:00:00.000000',5,55),(161,'Disease XXXXXX','Note XXXXXX','2023-06-12 14:00:00.000000',6,56),(162,'Disease YYYYYY','Note YYYYYY','2023-06-13 13:00:00.000000',7,57),(163,'Disease ZZZZZZ','Note ZZZZZZ','2023-06-14 12:00:00.000000',8,58),(164,'Disease AAAAAAA','Note AAAAAAA','2023-06-15 11:00:00.000000',9,59),(165,'Disease BBBBBBB','Note BBBBBBB','2023-06-16 10:00:00.000000',10,60),(166,'Disease CCCCCCC','Note CCCCCCC','2023-06-17 09:00:00.000000',11,61),(167,'Disease DDDDDDD','Note DDDDDDD','2023-06-18 08:00:00.000000',12,62),(168,'Disease EEEEEEE','Note EEEEEEE','2023-06-19 07:00:00.000000',13,63),(169,'Disease FFFFFFF','Note FFFFFFF','2023-06-20 06:00:00.000000',14,64),(170,'Disease GGGGGGG','Note GGGGGGG','2023-06-21 05:00:00.000000',15,65),(171,'Disease HHHHHHH','Note HHHHHHH','2023-06-22 04:00:00.000000',16,66),(172,'Disease IIIIIII','Note IIIIIII','2023-06-23 03:00:00.000000',17,67),(173,'Disease JJJJJJJ','Note JJJJJJJ','2023-06-24 02:00:00.000000',18,68),(174,'Disease KKKKKKK','Note KKKKKKK','2023-06-25 01:00:00.000000',19,69),(175,'Disease LLLLLLL','Note LLLLLLL','2023-06-26 00:00:00.000000',20,70),(176,'Disease MMMMMMM','Note MMMMMMM','2023-06-27 23:00:00.000000',21,71),(177,'Disease NNNNNNN','Note NNNNNNN','2023-06-28 22:00:00.000000',22,72),(178,'Disease OOOOOOO','Note OOOOOOO','2023-06-29 21:00:00.000000',23,73),(179,'Disease PPPPPPP','Note PPPPPPP','2023-06-30 20:00:00.000000',24,74),(180,'Disease QQQQQQQ','Note QQQQQQQ','2023-07-01 19:00:00.000000',25,75),(181,'Disease RRRRRRR','Note RRRRRRR','2023-07-02 18:00:00.000000',26,76),(182,'Disease SSSSSSS','Note SSSSSSS','2023-07-03 17:00:00.000000',27,77),(183,'Disease TTTTTTT','Note TTTTTTT','2023-07-04 16:00:00.000000',28,78),(184,'Disease UUUUUUU','Note UUUUUUU','2023-07-05 15:00:00.000000',29,79),(185,'Disease VVVVVVV','Note VVVVVVV','2023-07-06 14:00:00.000000',30,80),(186,'Disease WWWWWWW','Note WWWWWWW','2023-07-07 13:00:00.000000',31,81),(187,'Disease XXXXXXX','Note XXXXXXX','2023-07-08 12:00:00.000000',32,82),(188,'Disease YYYYYYY','Note YYYYYYY','2023-07-09 11:00:00.000000',33,83),(189,'Disease ZZZZZZZ','Note ZZZZZZZ','2023-07-10 10:00:00.000000',34,84),(190,'Disease AAAAAAAA','Note AAAAAAAA','2023-07-11 09:00:00.000000',35,85),(191,'Disease BBBBBBBB','Note BBBBBBBB','2023-07-12 08:00:00.000000',36,86),(192,'Disease CCCCCCCC','Note CCCCCCCC','2023-07-13 07:00:00.000000',37,87),(193,'Disease DDDDDDDD','Note DDDDDDDD','2023-07-14 06:00:00.000000',1,88),(194,'Disease EEEEEEEE','Note EEEEEEEE','2023-07-15 05:00:00.000000',2,89),(195,'Disease FFFFFFFF','Note FFFFFFFF','2023-07-16 04:00:00.000000',3,90),(196,'Disease GGGGGGGG','Note GGGGGGGG','2023-07-17 03:00:00.000000',4,91),(197,'Disease HHHHHHHH','Note HHHHHHHH','2023-07-18 02:00:00.000000',5,92),(198,'Disease IIIIIII','Note IIIIIII','2023-07-19 01:00:00.000000',6,93),(199,'Disease JJJJJJJJ','Note JJJJJJJJ','2023-07-20 00:00:00.000000',7,94),(200,'Disease KKKKKKKK','Note KKKKKKKK','2023-07-21 23:00:00.000000',8,95),(201,'Disease LLLLLLLL','Note LLLLLLLL','2023-07-22 22:00:00.000000',9,96),(202,'Disease MMMMMMMM','Note MMMMMMMM','2023-07-23 21:00:00.000000',10,97),(203,'Disease NNNNNNNN','Note NNNNNNNN','2023-07-24 20:00:00.000000',11,98),(204,'Disease OOOOOOOO','Note OOOOOOOO','2023-07-25 19:00:00.000000',12,99),(205,'Disease PPPPPPPP','Note PPPPPPPP','2023-07-26 18:00:00.000000',13,100),(206,'Disease QQQQQQQQ','Note QQQQQQQQ','2023-07-27 17:00:00.000000',14,101),(207,'Disease RRRRRRRR','Note RRRRRRRR','2023-07-28 16:00:00.000000',15,102);
/*!40000 ALTER TABLE `treatments` ENABLE KEYS */;
UNLOCK TABLES;

--
-- Table structure for table `users`
--

DROP TABLE IF EXISTS `users`;
/*!40101 SET @saved_cs_client     = @@character_set_client */;
/*!50503 SET character_set_client = utf8mb4 */;
CREATE TABLE `users` (
  `id` bigint NOT NULL AUTO_INCREMENT,
  `address` varchar(255) NOT NULL,
  `createdDate` datetime(6) DEFAULT NULL,
  `dateOfBirth` datetime(6) NOT NULL,
  `email` varchar(255) NOT NULL,
  `firstName` varchar(255) NOT NULL,
  `lastName` varchar(255) NOT NULL,
  `password` varchar(255) NOT NULL,
  `phone` varchar(255) NOT NULL,
  `role` enum('ADMIN','DOCTOR','SECRETARY','WAREHOUSE_EMPLOYEE') NOT NULL,
  `salary` json NOT NULL,
  `isDeleted` bit(1) NOT NULL,
  `image` varchar(255) NOT NULL,
  PRIMARY KEY (`id`),
  UNIQUE KEY `UK6dotkott2kjsp8vw4d0m25fb7` (`email`)
) ENGINE=InnoDB AUTO_INCREMENT=79 DEFAULT CHARSET=utf8mb4 COLLATE=utf8mb4_0900_ai_ci;
/*!40101 SET character_set_client = @saved_cs_client */;

--
-- Dumping data for table `users`
--

LOCK TABLES `users` WRITE;
/*!40000 ALTER TABLE `users` DISABLE KEYS */;
INSERT INTO `users` VALUES (1,'Ramallah','2024-07-25 10:36:56.996000','2002-07-12 03:00:00.000000','mohammad@gmail.com','mohammad','AbuThaher','$2a$10$4.WCeHMazylaEDzCRFS9wOKzX3mMC8vyck2zwfaqGzfDvmnzDRPz2','0599782941','ADMIN','{\"salaryType\": \"MONTHLY\", \"salaryAmount\": 1500}',_binary '\0','C:\\Users\\AbuThaher\\Desktop\\Traning Project\\ProjectTraninng\\src\\main\\resources\\Images\\test.jpg'),(2,'Ramallah','2024-07-25 10:56:23.453000','2002-07-12 03:00:00.000000','noor@gmail.com','noor','AbuThaher','$2a$10$eGX7NKr7KKbHNkM7QfJFX.X.zJXVBHLC5ZTcDQdEU6ztiKZMWqauK','0599782941','SECRETARY','{\"salaryType\": \"MONTHLY\", \"salaryAmount\": 1500}',_binary '\0',''),(3,'Ramallah','2024-07-25 10:56:47.186000','2002-07-12 03:00:00.000000','ahmad@gmail.com','ahmad','AbuThaher','$2a$10$ogoQOCOzW6iEbwmULLHRYe2gI68kzTsB5VpoGW8pL72xhTiHVRVxy','0599782941','WAREHOUSE_EMPLOYEE','{\"salaryType\": \"MONTHLY\", \"salaryAmount\": 1500}',_binary '\0',''),(4,'Ramallah','2024-07-25 10:59:37.887000','2002-07-12 03:00:00.000000','yousef@gmail.com','yousef','AbuThaher','$2a$10$2e3qYTMaYE3x7ZpDI9R1S.ToQ2bMU19lZQ3U0ASo51INAki0z7/92','0599782941','DOCTOR','{\"salaryType\": \"MONTHLY\", \"salaryAmount\": 1500}',_binary '\0',''),(5,'jgjjh','2024-07-26 03:32:01.519000','2024-07-26 03:00:00.000000','mohammadabuthaher06@gmail.com','Yousef','Hassouneh','$2a$10$Q8zGbBS5n5ZmMXVSp4ruqOL4WJWSd3Qi8yPDUkDvknhUDtwNxkqlG','+970569482508','ADMIN','{\"salaryType\": \"MONTHLY\", \"salaryAmount\": \"2503\"}',_binary '\0',''),(6,'sfsf','2024-07-26 03:33:58.601000','2024-07-19 03:00:00.000000','botcher@gmail.com','botcher','Ahmad','$2a$10$4ZcGOewq3PwLi63uOT2xZu1nplxqMiS3ymnjY4nfckm1P1RQSR3FO','+970569482508','ADMIN','{\"salaryType\": \"MONTHLY\", \"salaryAmount\": \"250\"}',_binary '\0',''),(7,'Ramallah','2024-07-27 11:39:31.660000','2002-07-12 03:00:00.000000','abed@gmail.com','abed','abed','$2a$10$0fHOSLx.Q0rZWvIcjZYGIOA9o0pvCghiNSyRiwOW58CX1FOICc26W','0599782941','ADMIN','{\"salaryType\": \"MONTHLY\", \"salaryAmount\": 2500}',_binary '',''),(41,'test','2024-07-28 10:35:28.313000','2002-07-12 03:00:00.000000','test@gmail.com','test','test','$2a$10$SJc6vRSIvP6Vr80m3z./8Oqb6j6MX4ZSp3G6449ipQlTsLyctc8Bu','0599782941','DOCTOR','{\"salaryType\": \"MONTHLY\", \"salaryAmount\": 1500}',_binary '\0',''),(42,'123 Main St','2024-07-28 10:38:30.148000','1985-05-15 03:00:00.000000','doctor8@example.com','John','Doe','$2a$10$mCk7Ki4ueZXIrrlRgD/r9OFRTAroIfDLmXX7LUhwlcQGBiJfWZ1Ea','555-1234','DOCTOR','{\"salaryType\": \"MONTHLY\", \"salaryAmount\": 1500}',_binary '\0',''),(43,'456 Elm St','2024-07-28 10:38:55.955000','1975-06-20 03:00:00.000000','doctor9@example.com','Jane','Smith','$2a$10$80/MQb97ydYUHOAM.3JsS.jZ5CqcqiUl9S0WSjvgPU57nPEcqSqOW','555-5678','DOCTOR','{\"hourRate\": 25, \"hourWork\": 150, \"salaryType\": \"HOURLY\"}',_binary '\0',''),(44,'789 Oak St','2024-07-28 10:39:16.042000','1980-07-25 02:00:00.000000','doctor10@example.com','James','Brown','$2a$10$7JY8OgzR7CJ86X8u3AzhquPTS/FiNtIUBkN9UtzXu86S.9RnVZ8jG','555-8765','DOCTOR','{\"salaryType\": \"MONTHLY\", \"salaryAmount\": 1500}',_binary '\0',''),(45,'101 Maple St','2024-07-28 10:39:42.398000','1990-08-30 02:00:00.000000','doctor11@example.com','Emily','Davis','$2a$10$V2dHWB5rEhq0BnO7h8l7/eoGSZlSFEAp27gj03IKZv9L.00CNLNXG','555-4321','DOCTOR','{\"hourRate\": 25, \"hourWork\": 150, \"salaryType\": \"HOURLY\"}',_binary '\0',''),(46,'202 Pine St','2024-07-28 10:40:10.826000','1985-09-15 02:00:00.000000','doctor12@example.com','Michael','Wilson','$2a$10$2o1MDnuCOdeoukRoDxRocuGV9RNZGR1KABC9ELuOv4BymSkDdZ9t6','555-9876','DOCTOR','{\"salaryType\": \"MONTHLY\", \"salaryAmount\": 1500}',_binary '\0',''),(47,'303 Cedar St','2024-07-28 10:40:34.320000','1978-10-10 02:00:00.000000','doctor13@example.com','Sarah','Miller','$2a$10$aZZ8NzM..wASaYdy7mFYVeuUAQOf44k2oV2sUQFGCsZMX5d79fxBK','555-6543','DOCTOR','{\"hourRate\": 25, \"hourWork\": 150, \"salaryType\": \"HOURLY\"}',_binary '\0',''),(48,'404 Birch St','2024-07-28 10:45:29.804000','1982-11-20 02:00:00.000000','doctor14@example.com','David','Martinez','$2a$10$Ms/thrSps7/ldXQZUdmeduhLlQn6X4YuD4C1g8IBG.pXgfEe/mQgy','555-3210','DOCTOR','{\"salaryType\": \"MONTHLY\", \"salaryAmount\": 1500}',_binary '\0',''),(49,'505 Spruce St','2024-07-28 10:45:41.146000','1970-12-25 02:00:00.000000','doctor15@example.com','Laura','Garcia','$2a$10$jzv.kUHkUO4Gi4M1gCVsauyyxbu6QM5xieCVcjz9u0Q.3bo.z.9YS','555-7890','DOCTOR','{\"hourRate\": 25, \"hourWork\": 150, \"salaryType\": \"HOURLY\"}',_binary '\0',''),(50,'606 Willow St','2024-07-28 10:45:51.169000','1983-01-30 02:00:00.000000','doctor16@example.com','Robert','Rodriguez','$2a$10$wdNvO8.EIzIuB.tWhdbCt.SJ.pk.1NZApLrARRqjC4T2IUGT3eyvS','555-4567','DOCTOR','{\"salaryType\": \"MONTHLY\", \"salaryAmount\": 1500}',_binary '\0',''),(51,'707 Aspen St','2024-07-28 10:46:07.229000','1992-02-14 02:00:00.000000','doctor17@example.com','Anna','Martinez','$2a$10$rgZ/qfVT2058YVph.C41YuLzCoH5Lkx22C2j82d/SJIIRPmfKMfCa','555-1235','DOCTOR','{\"hourRate\": 25, \"hourWork\": 150, \"salaryType\": \"HOURLY\"}',_binary '\0',''),(52,'808 Fir St','2024-07-28 10:46:20.756000','1975-03-22 02:00:00.000000','doctor18@example.com','George','Harris','$2a$10$d2R35quoo6Lq5sAD/lEKS.LGUGFcmiLKcfejcliizROwREf3ov/lu','555-6789','DOCTOR','{\"salaryType\": \"MONTHLY\", \"salaryAmount\": 1500}',_binary '\0',''),(53,'909 Redwood St','2024-07-28 10:46:31.574000','1980-04-25 02:00:00.000000','doctor19@example.com','Sophia','Clark','$2a$10$Q/2ygBzCneYXtumE2tHTrOHXmdWmC.VxEXKZTFdmQoZ/5/cndfZtm','555-4329','DOCTOR','{\"hourRate\": 25, \"hourWork\": 150, \"salaryType\": \"HOURLY\"}',_binary '\0',''),(54,'1000 Pine St','2024-07-28 10:46:42.599000','1990-05-15 03:00:00.000000','doctor20@example.com','Oliver','Lewis','$2a$10$F3wT1lduKgst.Cnkjun7L.m8Ydsr1EfStkGzlStALJ1dnrFuUrNZ6','555-5673','DOCTOR','{\"salaryType\": \"MONTHLY\", \"salaryAmount\": 1500}',_binary '\0',''),(55,'1100 Birch St','2024-07-28 10:46:53.290000','1970-06-20 02:00:00.000000','doctor21@example.com','Emma','Robinson','$2a$10$xwsb3F67PtP.aa/t.5Kxg.7Hw1ftNuAXpJl/xdfOxoqU8rRbraciu','555-8761','DOCTOR','{\"hourRate\": 25, \"hourWork\": 150, \"salaryType\": \"HOURLY\"}',_binary '\0',''),(56,'1200 Maple St','2024-07-28 10:47:03.153000','1985-07-06 03:00:00.000000','doctor22@example.com','Ava','Walker','$2a$10$81fisBOT/WMUekfrt60RGOnS1kHYCxdtIjGFrb71v4roJ8ZzBYyLu','555-3212','DOCTOR','{\"salaryType\": \"MONTHLY\", \"salaryAmount\": 1500}',_binary '\0',''),(57,'1300 Oak St','2024-07-28 10:47:17.983000','1980-08-08 03:00:00.000000','doctor23@example.com','Liam','Young','$2a$10$ohznypxdk0aVJQ1KrGEaG.r3dRUVA1mvOQRFtkugVF.ORSLwZTL56','555-5670','DOCTOR','{\"hourRate\": 25, \"hourWork\": 150, \"salaryType\": \"HOURLY\"}',_binary '\0',''),(58,'1400 Cedar St','2024-07-28 10:47:55.167000','1990-09-09 02:00:00.000000','doctor24@example.com','Mason','Allen','$2a$10$hfqbFLLk5sm6q4KQNt1kTeBHZZwGMvW/oaYj.KGcYMn7CDGgFlIqi','555-8762','DOCTOR','{\"salaryType\": \"MONTHLY\", \"salaryAmount\": 1500}',_binary '\0',''),(59,'1500 Birch St','2024-07-28 10:48:07.892000','1985-10-11 02:00:00.000000','doctor25@example.com','Lucas','King','$2a$10$NlyuPZr4uzkeHe5Y2YfxQuXSfA5RdQ2EIKzARyMvFSQbu3/wsloAe','555-3213','DOCTOR','{\"hourRate\": 25, \"hourWork\": 150, \"salaryType\": \"HOURLY\"}',_binary '\0',''),(60,'1600 Pine St','2024-07-28 10:48:17.389000','1978-11-13 02:00:00.000000','doctor26@example.com','Charlotte','Scott','$2a$10$HnQvqVh7W9K0ivhQaQKNfOTQFwkNe9I4b5qogld6wrTBzspoe/Zza','555-8763','DOCTOR','{\"salaryType\": \"MONTHLY\", \"salaryAmount\": 1500}',_binary '\0',''),(61,'1700 Elm St','2024-07-28 10:48:31.505000','1982-12-15 02:00:00.000000','doctor27@example.com','Ella','Adams','$2a$10$HwJZ16GlRzO4oBSHlQDE6ediw0fwZibAbh0YunDKjgzqUwBMCo0Di','555-3214','DOCTOR','{\"hourRate\": 25, \"hourWork\": 150, \"salaryType\": \"HOURLY\"}',_binary '\0',''),(62,'1800 Spruce St','2024-07-28 10:48:40.431000','1992-01-17 02:00:00.000000','doctor28@example.com','Henry','Baker','$2a$10$ZOGOfE6CVmuqdbb0W5aj5uZPTa7Uew/xvatWRvAulCm0gfw/bQy5C','555-8764','DOCTOR','{\"salaryType\": \"MONTHLY\", \"salaryAmount\": 1500}',_binary '\0',''),(63,'1900 Fir St','2024-07-28 10:48:48.490000','1980-02-18 02:00:00.000000','doctor29@example.com','Sebastian','Rivera','$2a$10$yRQCb5/IdbEG2nr7lDE8uOrybXlC7hzdO.2vTA3vSiU7gqHjlOXZi','555-4325','DOCTOR','{\"hourRate\": 25, \"hourWork\": 150, \"salaryType\": \"HOURLY\"}',_binary '\0',''),(64,'2000 Willow St','2024-07-28 10:48:58.514000','1975-03-04 02:00:00.000000','doctor30@example.com','Jack','Lee','$2a$10$DlvXZyhMDQO7y9imll8G8e3euyy.0HheH80LJvhymVltYyHTZzgfW','555-9872','DOCTOR','{\"salaryType\": \"MONTHLY\", \"salaryAmount\": 1500}',_binary '\0',''),(65,'2100 Aspen St','2024-07-28 10:49:08.116000','1985-04-01 02:00:00.000000','doctor31@example.com','Jacob','Evans','$2a$10$nbrts5EPS5JYXkGQDx2MrOzy7XkFmGZSPCmufN4F9i/m5McDYldPS','555-6542','DOCTOR','{\"hourRate\": 25, \"hourWork\": 150, \"salaryType\": \"HOURLY\"}',_binary '\0',''),(66,'2200 Cedar St','2024-07-28 10:49:17.466000','1978-05-15 02:00:00.000000','doctor32@example.com','Thomas','Collins','$2a$10$FmO9uiRoaJhwpgpxePBK1eRHsqBn9sYocJcdtpVnbjjQF8qkC/etW','555-7893','DOCTOR','{\"salaryType\": \"MONTHLY\", \"salaryAmount\": 1500}',_binary '\0',''),(67,'2300 Birch St','2024-07-28 10:49:28.148000','1982-06-20 02:00:00.000000','doctor33@example.com','Dylan','Stewart','$2a$10$mSWXPvld0xjPd5ghoza2UOn3zIcVKw.U7X5yuGPMPEnqaa0aG1mgu','555-1236','DOCTOR','{\"hourRate\": 25, \"hourWork\": 150, \"salaryType\": \"HOURLY\"}',_binary '\0',''),(68,'2400 Pine St','2024-07-28 10:49:39.908000','1990-07-25 03:00:00.000000','doctor34@example.com','Grayson','Flores','$2a$10$WBV8j8C/PuJa8PBhxX3akehZ.WUrdHFqsy2/TTvhDrL7yGinWgr4G','555-3215','DOCTOR','{\"salaryType\": \"MONTHLY\", \"salaryAmount\": 1500}',_binary '\0',''),(69,'2500 Elm St','2024-07-28 10:49:50.660000','1980-08-30 03:00:00.000000','doctor35@example.com','Nora','Morales','$2a$10$5DhNIqj4EK0tClsLjSHaX.znQTD.6heRwKY1ORYSjiyg5NSvLW8Pa','555-8767','DOCTOR','{\"hourRate\": 25, \"hourWork\": 150, \"salaryType\": \"HOURLY\"}',_binary '\0',''),(70,'2600 Spruce St','2024-07-28 10:50:00.831000','1992-09-10 02:00:00.000000','doctor36@example.com','Hannah','Nguyen','$2a$10$dUAf/7hXzTNmRRhO75x0fOXx3bqBgYnVBdvW2tZN9AaoCzf3zkr56','555-5675','DOCTOR','{\"salaryType\": \"MONTHLY\", \"salaryAmount\": 1500}',_binary '\0',''),(71,'2700 Fir St','2024-07-28 10:50:09.501000','1985-11-05 02:00:00.000000','doctor37@example.com','Layla','Kim','$2a$10$Hcc471Vn5VJEMxta/qKJ4enHYanHc.HDwvDqwv1DXwO/HLn8EF9U.','555-3217','DOCTOR','{\"hourRate\": 25, \"hourWork\": 150, \"salaryType\": \"HOURLY\"}',_binary '\0',''),(72,'2800 Willow St','2024-07-28 10:50:21.013000','1982-12-20 02:00:00.000000','doctor38@example.com','Lillian','Parker','$2a$10$.yXf/8BPfYYnLoOGQoBd1O4sw4lWYGVTqmQbnLBurFG.YqHm3dvTa','555-8768','DOCTOR','{\"salaryType\": \"MONTHLY\", \"salaryAmount\": 1500}',_binary '\0',''),(73,'2900 Aspen St','2024-07-28 10:50:30.425000','1978-03-03 02:00:00.000000','doctor39@example.com','Penelope','Young','$2a$10$YwsDTPoajajo0Ltbe4zOUemfprKdiBPCum6RSirN5O3RzFbSXQ1va','555-3218','DOCTOR','{\"hourRate\": 25, \"hourWork\": 150, \"salaryType\": \"HOURLY\"}',_binary '\0',''),(74,'3000 Cedar St','2024-07-28 10:51:09.161000','1980-06-25 02:00:00.000000','doctor40@example.com','Zoey','Perez','$2a$10$Cw1AoD.g4U2N9TMoWxlooOFPtbY2MQp2cSJcDtSszfS6Pdi4/kajW','555-5679','DOCTOR','{\"salaryType\": \"MONTHLY\", \"salaryAmount\": 1500}',_binary '\0',''),(75,'3100 Birch St','2024-07-28 10:51:21.429000','1990-07-10 03:00:00.000000','doctor41@example.com','Sofia','Richardson','$2a$10$UB34hG5iwQcQhKR5Nb8sD.whllkC42nUGdXC4rCoSwUr.e3eUPRs2','555-8769','DOCTOR','{\"hourRate\": 25, \"hourWork\": 150, \"salaryType\": \"HOURLY\"}',_binary '\0',''),(76,'3200 Pine St','2024-07-28 10:51:30.147000','1982-08-15 02:00:00.000000','doctor42@example.com','Eleanor','Cox','$2a$10$UDL75gdnr5oC3BlBYw9SGOK7dJXhnuQqJAohJ6WHMOyiH4u8hd3fK','555-9874','DOCTOR','{\"salaryType\": \"MONTHLY\", \"salaryAmount\": 1500}',_binary '\0',''),(78,'123 Main St','2024-07-28 15:23:29.830000','1990-01-01 02:00:00.000000','john.doe@example.com','John','Doe','$2a$10$kAuzilwtlbeahVjZD.0W/Onh7N.mUgki.514lYZ1BBjr8Ny43ZpqK','1234567890','SECRETARY','{\"salaryType\": \"MONTHLY\", \"salaryAmount\": 1500}',_binary '\0','C:\\Users\\AbuThaher\\Desktop\\Traning Project\\ProjectTraninng\\src\\main\\resources\\Images\\test.jpg');
/*!40000 ALTER TABLE `users` ENABLE KEYS */;
UNLOCK TABLES;

--
-- Table structure for table `warehouse_store`
--

DROP TABLE IF EXISTS `warehouse_store`;
/*!40101 SET @saved_cs_client     = @@character_set_client */;
/*!50503 SET character_set_client = utf8mb4 */;
CREATE TABLE `warehouse_store` (
  `id` bigint NOT NULL AUTO_INCREMENT,
  `createdDate` datetime(6) DEFAULT NULL,
  `quantity` int NOT NULL,
  `medicineId` bigint NOT NULL,
  `isDeleted` bit(1) NOT NULL,
  PRIMARY KEY (`id`),
  KEY `FKo7ynrgs1v3t8ifjvhqlj2tet8` (`medicineId`),
  CONSTRAINT `FKo7ynrgs1v3t8ifjvhqlj2tet8` FOREIGN KEY (`medicineId`) REFERENCES `medicine` (`id`)
) ENGINE=InnoDB AUTO_INCREMENT=133 DEFAULT CHARSET=utf8mb4 COLLATE=utf8mb4_0900_ai_ci;
/*!40101 SET character_set_client = @saved_cs_client */;

--
-- Dumping data for table `warehouse_store`
--

LOCK TABLES `warehouse_store` WRITE;
/*!40000 ALTER TABLE `warehouse_store` DISABLE KEYS */;
INSERT INTO `warehouse_store` VALUES (1,'2024-07-25 16:40:43.246000',55,1,_binary ''),(71,'2023-02-01 12:00:00.000000',200,2,_binary '\0'),(72,'2023-03-01 12:00:00.000000',150,3,_binary '\0'),(73,'2023-04-01 12:00:00.000000',120,4,_binary '\0'),(74,'2023-05-01 12:00:00.000000',130,5,_binary '\0'),(75,'2023-06-01 12:00:00.000000',90,6,_binary '\0'),(76,'2023-07-01 12:00:00.000000',180,7,_binary '\0'),(77,'2023-08-01 12:00:00.000000',110,8,_binary '\0'),(78,'2023-09-01 12:00:00.000000',170,9,_binary '\0'),(79,'2023-10-01 12:00:00.000000',140,10,_binary '\0'),(80,'2023-11-01 12:00:00.000000',160,11,_binary '\0'),(81,'2023-12-01 12:00:00.000000',190,12,_binary '\0'),(82,'2024-01-01 12:00:00.000000',210,13,_binary '\0'),(83,'2024-02-01 12:00:00.000000',100,14,_binary '\0'),(84,'2024-03-01 12:00:00.000000',200,15,_binary '\0'),(85,'2024-04-01 12:00:00.000000',150,16,_binary '\0'),(86,'2024-05-01 12:00:00.000000',120,17,_binary '\0'),(87,'2024-06-01 12:00:00.000000',130,18,_binary '\0'),(88,'2024-07-01 12:00:00.000000',90,19,_binary '\0'),(89,'2024-08-01 12:00:00.000000',180,20,_binary '\0'),(90,'2024-09-01 12:00:00.000000',110,21,_binary '\0'),(91,'2024-10-01 12:00:00.000000',170,22,_binary '\0'),(92,'2024-11-01 12:00:00.000000',140,23,_binary '\0'),(93,'2024-12-01 12:00:00.000000',160,24,_binary '\0'),(94,'2025-01-01 12:00:00.000000',190,25,_binary '\0'),(95,'2025-02-01 12:00:00.000000',210,26,_binary '\0'),(96,'2025-03-01 12:00:00.000000',100,27,_binary '\0'),(97,'2025-04-01 12:00:00.000000',200,28,_binary '\0'),(98,'2025-05-01 12:00:00.000000',150,29,_binary '\0'),(99,'2025-06-01 12:00:00.000000',120,30,_binary '\0'),(100,'2025-07-01 12:00:00.000000',130,31,_binary '\0'),(101,'2025-08-01 12:00:00.000000',90,32,_binary '\0'),(102,'2025-09-01 12:00:00.000000',180,33,_binary '\0'),(103,'2025-10-01 12:00:00.000000',110,34,_binary '\0'),(104,'2025-11-01 12:00:00.000000',170,35,_binary '\0'),(105,'2025-12-01 12:00:00.000000',140,36,_binary '\0'),(106,'2026-01-01 12:00:00.000000',160,37,_binary '\0'),(107,'2026-02-01 12:00:00.000000',190,38,_binary '\0'),(108,'2026-03-01 12:00:00.000000',210,39,_binary '\0'),(109,'2026-04-01 12:00:00.000000',100,40,_binary '\0'),(110,'2026-05-01 12:00:00.000000',200,41,_binary '\0'),(111,'2026-06-01 12:00:00.000000',150,42,_binary '\0'),(112,'2026-07-01 12:00:00.000000',120,43,_binary '\0'),(113,'2026-08-01 12:00:00.000000',130,44,_binary '\0'),(114,'2026-09-01 12:00:00.000000',90,45,_binary '\0'),(115,'2026-10-01 12:00:00.000000',180,46,_binary '\0'),(116,'2026-11-01 12:00:00.000000',110,47,_binary '\0'),(117,'2026-12-01 12:00:00.000000',170,48,_binary '\0'),(118,'2027-01-01 12:00:00.000000',140,49,_binary '\0'),(119,'2027-02-01 12:00:00.000000',160,50,_binary '\0'),(120,'2027-03-01 12:00:00.000000',190,51,_binary '\0'),(121,'2027-04-01 12:00:00.000000',210,52,_binary '\0'),(122,'2027-05-01 12:00:00.000000',100,53,_binary '\0'),(123,'2027-06-01 12:00:00.000000',200,54,_binary '\0'),(124,'2027-07-01 12:00:00.000000',150,55,_binary '\0'),(125,'2027-08-01 12:00:00.000000',120,56,_binary '\0'),(126,'2027-09-01 12:00:00.000000',130,57,_binary '\0'),(127,'2027-10-01 12:00:00.000000',90,58,_binary '\0'),(128,'2027-11-01 12:00:00.000000',180,59,_binary '\0'),(129,'2027-12-01 12:00:00.000000',110,60,_binary '\0'),(130,'2028-01-01 12:00:00.000000',170,61,_binary '\0'),(131,'2028-02-01 12:00:00.000000',140,62,_binary '\0'),(132,'2028-03-01 12:00:00.000000',160,63,_binary '\0');
/*!40000 ALTER TABLE `warehouse_store` ENABLE KEYS */;
UNLOCK TABLES;
/*!40103 SET TIME_ZONE=@OLD_TIME_ZONE */;

/*!40101 SET SQL_MODE=@OLD_SQL_MODE */;
/*!40014 SET FOREIGN_KEY_CHECKS=@OLD_FOREIGN_KEY_CHECKS */;
/*!40014 SET UNIQUE_CHECKS=@OLD_UNIQUE_CHECKS */;
/*!40101 SET CHARACTER_SET_CLIENT=@OLD_CHARACTER_SET_CLIENT */;
/*!40101 SET CHARACTER_SET_RESULTS=@OLD_CHARACTER_SET_RESULTS */;
/*!40101 SET COLLATION_CONNECTION=@OLD_COLLATION_CONNECTION */;
/*!40111 SET SQL_NOTES=@OLD_SQL_NOTES */;

-- Dump completed on 2024-08-02 12:19:48
